0
1
2
3
4
5
6
7
8
9
10
11
12
13
14
15
16
17
18
19
20
21
22
23
24
25
26
27
28
29
30
31
32
33
34
35
36
37
38
39
40
41
42
43
44
45
46
47
48
49
50
51
52
53
54
55
56
57
58
59
60
61
62
63
64
65
66
67
68
69
70
71
72
73
74
75
76
77
78
79
80
81
82
83
84
85
86
87
88
89
90
91
92
93
94
95
96
97
98
99
100
101
102
103
104
105
106
107
108
109
110
111
112
113
114
115
116
117
118
119
120
121
122
123
124
125
126
127
128
129
130
131
132
133
134
135
136
137
138
139
140
141
142
143
144
145
146
147
148
149
150
151
152
153
154
155
156
157
158
159
160
161
162
163
164
165
166
167
168
169
170
171
172
173
174
175
176
177
178
179
180
181
182
183
184
185
186
187
188
189
190
191
192
193
194
195
196
197
198
199
200
201
202
203
204
205
206
207
208
209
210
211
212
213
214
215
216
217
218
219
220
221
222
223
224
225
226
227
228
229
230
231
232
233
234
235
236
237
238
239
240
241
242
243
244
245
246
247
248
249
250
251
252
253
254
255
256
257
258
259
260
261
262
263
264
265
266
267
268
269
270
271
272
273
274
275
276
277
278
279
280
281
282
283
284
285
286
287
288
289
290
291
292
293
294
295
296
297
298
299
300
301
302
303
304
305
306
307
308
309
310
311
312
313
314
315
316
317
318
319
320
321
322
323
324
325
326
327
328
329
330
331
332
333
334
335
336
337
338
339
340
341
342
343
344
345
346
347
348
349
350
351
352
353
354
355
356
357
358
359
360
361
362
363
364
365
366
367
368
369
370
371
372
373
374
375
376
377
378
379
380
381
382
383
384
385
386
387
388
389
390
391
392
393
394
395
396
397
398
399
400
401
402
403
404
405
406
407
408
409
410
411
412
413
414
415
416
417
418
419
420
421
422
423
424
425
426
427
428
429
430
431
432
433
434
435
436
437
438
439
440
441
442
443
444
445
446
447
448
449
450
451
452
453
454
455
456
457
458
459
460
461
462
463
464
465
466
467
468
469
470
471
472
473
474
475
476
477
478
479
480
481
482
483
484
485
486
487
488
489
490
491
492
493
494
495
496
497
498
499
500
501
502
503
504
505
506
507
508
509
510
511
512
513
514
515
516
517
518
519
520
521
522
523
524
525
526
527
528
529
530
531
532
533
534
535
536
537
538
539
540
541
542
543
544
545
546
547
548
549
550
551
552
553
554
555
556
557
558
559
560
561
562
563
564
565
566
567
568
569
570
571
572
573
574
575
576
577
578
579
580
581
582
583
584
585
586
587
588
589
590
591
592
593
594
595
596
597
598
599
600
601
602
603
604
605
606
607
608
609
610
611
612
613
614
615
616
617
618
619
620
621
622
623
624
625
626
627
628
629
630
631
632
633
634
635
636
637
638
639
640
641
642
643
644
645
646
647
648
649
650
651
652
653
654
655
656
657
658
659
660
661
662
663
664
665
666
667
668
669
670
671
672
673
674
675
676
677
678
679
680
681
682
683
684
685
686
687
688
689
690
691
692
693
694
695
696
697
698
699
700
701
702
703
704
705
706
707
708
709
710
711
712
713
714
715
716
717
718
719
720
721
722
723
724
725
726
727
728
729
730
731
732
733
734
735
736
737
738
739
740
741
742
743
744
745
746
747
748
749
750
751
752
753
754
755
756
757
758
759
760
761
762
763
764
765
766
767
768
769
770
771
772
773
774
775
776
777
778
779
780
781
782
783
784
785
786
787
788
789
790
791
792
793
794
795
796
797
798
799
800
801
802
803
804
805
806
807
808
809
810
811
812
813
814
815
816
817
818
819
820
821
822
823
824
825
826
827
828
829
830
831
832
833
834
835
836
837
838
839
840
841
842
843
844
845
846
847
848
849
850
851
852
853
854
855
856
857
858
859
860
861
862
863
864
865
866
867
868
869
870
871
872
873
874
875
876
877
878
879
880
881
882
883
884
885
886
887
888
889
890
891
892
893
894
895
896
897
898
899
900
901
902
903
904
905
906
907
908
909
910
911
912
913
914
915
916
917
918
919
920
921
922
923
924
925
926
927
928
929
930
931
932
933
934
935
936
937
938
939
940
941
942
943
944
945
946
947
948
949
950
951
952
953
954
955
956
957
958
959
960
961
962
963
964
965
966
967
968
969
970
971
972
973
974
975
976
977
978
979
980
981
982
983
984
985
986
987
988
989
990
991
992
993
994
995
996
997
998
999
1000
1001
1002
1003
1004
1005
1006
1007
1008
1009
1010
1011
1012
1013
1014
1015
1016
1017
1018
1019
1020
1021
1022
1023
1024
1025
1026
1027
1028
1029
1030
1031
1032
1033
1034
1035
1036
1037
1038
1039
1040
1041
1042
1043
1044
1045
1046
1047
1048
1049
1050
1051
1052
1053
1054
1055
1056
1057
1058
1059
1060
1061
1062
1063
1064
1065
1066
1067
1068
1069
1070
1071
1072
1073
1074
1075
1076
1077
1078
1079
1080
1081
1082
1083
1084
1085
1086
1087
1088
1089
1090
1091
1092
1093
1094
1095
1096
1097
1098
1099
1100
1101
1102
1103
1104
1105
1106
1107
1108
1109
1110
1111
1112
1113
1114
1115
1116
1117
1118
1119
1120
1121
1122
1123
1124
1125
1126
1127
1128
1129
1130
1131
1132
1133
1134
1135
1136
1137
1138
1139
1140
1141
1142
1143
1144
1145
1146
1147
1148
1149
1150
1151
1152
1153
1154
1155
1156
1157
1158
1159
1160
1161
1162
1163
1164
1165
1166
1167
1168
1169
1170
1171
1172
1173
1174
1175
1176
1177
1178
1179
1180
1181
1182
1183
1184
1185
1186
1187
1188
1189
1190
1191
1192
1193
1194
1195
1196
1197
1198
1199
1200
1201
1202
1203
1204
1205
1206
1207
1208
1209
1210
1211
1212
1213
1214
1215
1216
1217
1218
1219
1220
1221
1222
1223
1224
1225
1226
1227
1228
1229
1230
1231
1232
1233
1234
1235
1236
1237
1238
1239
1240
1241
1242
1243
1244
1245
1246
1247
1248
1249
1250
1251
1252
1253
1254
1255
1256
1257
1258
1259
1260
1261
1262
1263
1264
1265
1266
1267
1268
1269
1270
1271
1272
1273
1274
1275
1276
1277
1278
1279
1280
1281
1282
1283
1284
1285
1286
1287
1288
1289
1290
1291
1292
1293
1294
1295
1296
1297
1298
1299
1300
1301
1302
1303
1304
1305
1306
1307
1308
1309
1310
1311
1312
1313
1314
1315
1316
1317
1318
1319
1320
1321
1322
1323
1324
1325
1326
1327
1328
1329
1330
1331
1332
1333
1334
1335
1336
1337
1338
1339
1340
1341
1342
1343
1344
1345
1346
1347
1348
1349
1350
1351
1352
1353
1354
1355
1356
1357
1358
1359
1360
1361
1362
1363
1364
1365
1366
1367
1368
1369
1370
1371
1372
1373
1374
1375
1376
1377
1378
1379
1380
1381
1382
1383
1384
1385
1386
1387
1388
1389
1390
1391
1392
1393
1394
1395
1396
1397
1398
1399
1400
1401
1402
1403
1404
1405
1406
1407
1408
1409
1410
1411
1412
1413
1414
1415
1416
1417
1418
1419
1420
1421
1422
1423
1424
1425
1426
1427
1428
1429
1430
1431
1432
1433
1434
1435
1436
1437
1438
1439
1440
1441
1442
1443
1444
1445
1446
1447
1448
1449
1450
1451
1452
1453
1454
1455
1456
1457
1458
1459
1460
1461
1462
1463
1464
1465
1466
1467
1468
1469
1470
1471
1472
1473
1474
1475
1476
1477
1478
1479
1480
1481
1482
1483
1484
1485
1486
1487
1488
1489
1490
1491
1492
1493
1494
1495
1496
1497
1498
1499
1500
1501
1502
1503
1504
1505
1506
1507
1508
1509
1510
1511
1512
1513
1514
1515
1516
1517
1518
1519
1520
1521
1522
1523
1524
1525
1526
1527
1528
1529
1530
1531
1532
1533
1534
1535
1536
1537
1538
1539
1540
1541
1542
1543
1544
1545
1546
1547
1548
1549
1550
1551
1552
1553
1554
1555
1556
1557
1558
1559
1560
1561
1562
1563
1564
1565
1566
1567
1568
1569
1570
1571
1572
1573
1574
1575
1576
1577
1578
1579
1580
1581
1582
1583
1584
1585
1586
1587
1588
1589
1590
1591
1592
1593
1594
1595
1596
1597
1598
1599
1600
1601
1602
1603
1604
1605
1606
1607
1608
1609
1610
1611
1612
1613
1614
1615
1616
1617
1618
1619
1620
1621
1622
1623
1624
1625
1626
1627
1628
1629
1630
1631
1632
1633
1634
1635
1636
1637
1638
1639
1640
1641
1642
1643
1644
1645
1646
1647
1648
1649
1650
1651
1652
1653
1654
1655
1656
1657
1658
1659
1660
1661
1662
1663
1664
1665
1666
1667
1668
1669
1670
1671
1672
1673
1674
1675
1676
1677
1678
1679
1680
1681
1682
1683
1684
1685
1686
1687
1688
1689
1690
1691
1692
1693
1694
1695
1696
1697
1698
1699
1700
1701
1702
1703
1704
1705
1706
1707
1708
1709
1710
1711
1712
1713
1714
1715
1716
1717
1718
1719
1720
1721
1722
1723
1724
1725
1726
1727
1728
1729
1730
1731
1732
1733
1734
1735
1736
1737
1738
1739
1740
1741
1742
1743
1744
1745
1746
1747
1748
1749
1750
1751
1752
1753
1754
1755
1756
1757
1758
1759
1760
1761
1762
1763
1764
1765
1766
1767
1768
1769
1770
1771
1772
1773
1774
1775
1776
1777
1778
1779
1780
1781
1782
1783
1784
1785
1786
1787
1788
1789
1790
1791
1792
1793
1794
1795
1796
1797
1798
1799
1800
1801
1802
1803
1804
1805
1806
1807
1808
1809
1810
1811
1812
1813
1814
1815
1816
1817
1818
1819
1820
1821
1822
1823
1824
1825
1826
1827
1828
1829
1830
1831
1832
1833
1834
1835
1836
1837
1838
1839
1840
1841
1842
1843
1844
1845
1846
1847
1848
1849
1850
1851
1852
1853
1854
1855
1856
1857
1858
1859
1860
1861
1862
1863
1864
1865
1866
1867
1868
1869
1870
1871
1872
1873
1874
1875
1876
1877
1878
1879
1880
1881
1882
1883
1884
1885
1886
1887
1888
1889
1890
1891
1892
1893
1894
1895
1896
1897
1898
1899
1900
1901
1902
1903
1904
1905
1906
1907
1908
1909
1910
1911
1912
1913
1914
1915
1916
1917
1918
1919
1920
1921
1922
1923
1924
1925
1926
1927
1928
1929
1930
1931
1932
1933
1934
1935
1936
1937
1938
1939
1940
1941
1942
1943
1944
1945
1946
1947
1948
1949
1950
1951
1952
1953
1954
1955
1956
1957
1958
1959
1960
1961
1962
1963
1964
1965
1966
1967
1968
1969
1970
1971
1972
1973
1974
1975
1976
1977
1978
1979
1980
1981
1982
1983
1984
1985
1986
1987
1988
1989
1990
1991
1992
1993
1994
1995
1996
1997
1998
1999
2000
2001
2002
2003
2004
2005
2006
2007
2008
2009
2010
2011
2012
2013
2014
2015
2016
2017
2018
2019
2020
2021
2022
2023
2024
2025
2026
2027
2028
2029
2030
2031
2032
2033
2034
2035
2036
2037
2038
2039
2040
2041
2042
2043
2044
2045
2046
2047
2048
2049
2050
2051
2052
2053
2054
2055
2056
2057
2058
2059
2060
2061
2062
2063
2064
2065
2066
2067
2068
2069
2070
2071
2072
2073
2074
2075
2076
2077
2078
2079
2080
2081
2082
2083
2084
2085
2086
2087
2088
2089
2090
2091
2092
2093
2094
2095
2096
2097
2098
2099
2100
2101
2102
2103
2104
2105
2106
2107
2108
2109
2110
2111
2112
2113
2114
2115
2116
2117
2118
2119
2120
2121
2122
2123
2124
2125
2126
2127
2128
2129
2130
2131
2132
2133
2134
2135
2136
2137
2138
2139
2140
2141
2142
2143
2144
2145
2146
2147
2148
2149
2150
2151
2152
2153
2154
2155
2156
2157
2158
2159
2160
2161
2162
2163
2164
2165
2166
2167
2168
2169
2170
2171
2172
2173
2174
2175
2176
2177
2178
2179
2180
2181
2182
2183
2184
2185
2186
2187
2188
2189
2190
2191
2192
2193
2194
2195
2196
2197
2198
2199
2200
2201
2202
2203
2204
2205
2206
2207
2208
2209
2210
2211
2212
2213
2214
2215
2216
2217
2218
2219
2220
2221
2222
2223
2224
2225
2226
2227
2228
2229
2230
2231
2232
2233
2234
2235
2236
2237
2238
2239
2240
2241
2242
2243
2244
2245
2246
2247
2248
2249
2250
2251
2252
2253
2254
2255
2256
2257
2258
2259
2260
2261
2262
2263
2264
2265
2266
2267
2268
2269
2270
2271
2272
2273
2274
2275
2276
2277
2278
2279
2280
2281
2282
2283
2284
2285
2286
2287
2288
2289
2290
2291
2292
2293
2294
2295
2296
2297
2298
2299
2300
2301
2302
2303
2304
2305
2306
2307
2308
2309
2310
2311
2312
2313
2314
2315
2316
2317
2318
2319
2320
2321
2322
2323
2324
2325
2326
2327
2328
2329
2330
2331
2332
2333
2334
2335
2336
2337
2338
2339
2340
2341
2342
2343
2344
2345
2346
2347
2348
2349
2350
2351
2352
2353
2354
2355
2356
2357
2358
2359
2360
2361
2362
2363
2364
2365
2366
2367
2368
2369
2370
2371
2372
2373
2374
2375
2376
2377
2378
2379
2380
2381
2382
2383
2384
2385
2386
2387
2388
2389
2390
2391
2392
2393
2394
2395
2396
2397
2398
2399
2400
2401
2402
2403
2404
2405
2406
2407
2408
2409
2410
2411
2412
2413
2414
2415
2416
2417
2418
2419
2420
2421
2422
2423
2424
2425
2426
2427
2428
2429
2430
2431
2432
2433
2434
2435
2436
2437
2438
2439
2440
2441
2442
2443
2444
2445
2446
2447
2448
2449
2450
2451
2452
2453
2454
2455
2456
2457
2458
2459
2460
2461
2462
2463
2464
2465
2466
2467
2468
2469
2470
2471
2472
2473
2474
2475
2476
2477
2478
2479
2480
2481
2482
2483
2484
2485
2486
2487
2488
2489
2490
2491
2492
2493
2494
2495
2496
2497
2498
2499
2500
2501
2502
2503
2504
2505
2506
2507
2508
2509
2510
2511
2512
2513
2514
2515
2516
2517
2518
2519
2520
2521
2522
2523
2524
2525
2526
2527
2528
2529
2530
2531
2532
2533
2534
2535
2536
2537
2538
2539
2540
2541
2542
2543
2544
2545
2546
2547
2548
2549
2550
2551
2552
2553
2554
2555
2556
2557
2558
2559
2560
2561
2562
2563
2564
2565
2566
2567
2568
2569
2570
2571
2572
2573
2574
2575
2576
2577
2578
2579
2580
2581
2582
2583
2584
2585
2586
2587
2588
2589
2590
2591
2592
2593
2594
2595
2596
2597
2598
2599
2600
2601
2602
2603
2604
2605
2606
2607
2608
2609
2610
2611
2612
2613
2614
2615
2616
2617
2618
2619
2620
2621
2622
2623
2624
2625
2626
2627
2628
2629
2630
2631
2632
2633
2634
2635
2636
2637
2638
2639
2640
2641
2642
2643
2644
2645
2646
2647
2648
2649
2650
2651
2652
2653
2654
2655
2656
2657
2658
2659
2660
2661
2662
2663
2664
2665
2666
2667
2668
2669
2670
2671
2672
2673
2674
2675
2676
2677
2678
2679
2680
2681
2682
2683
2684
2685
2686
2687
2688
2689
2690
2691
2692
2693
2694
2695
2696
2697
2698
2699
2700
2701
2702
2703
2704
2705
2706
2707
2708
2709
2710
2711
2712
2713
2714
2715
2716
2717
2718
2719
2720
2721
2722
2723
2724
2725
2726
2727
2728
2729
2730
2731
2732
2733
2734
2735
2736
2737
2738
2739
2740
2741
2742
2743
2744
2745
2746
2747
2748
2749
2750
2751
2752
2753
2754
2755
2756
2757
2758
2759
2760
2761
2762
2763
2764
2765
2766
2767
2768
2769
2770
2771
2772
2773
2774
2775
2776
2777
2778
2779
2780
2781
2782
2783
2784
2785
2786
2787
2788
2789
2790
2791
2792
2793
2794
2795
2796
2797
2798
2799
2800
2801
2802
2803
2804
2805
2806
2807
2808
2809
2810
2811
2812
2813
2814
2815
2816
2817
2818
2819
2820
2821
2822
2823
2824
2825
2826
2827
2828
2829
2830
2831
2832
2833
2834
2835
2836
2837
2838
2839
2840
2841
2842
2843
2844
2845
2846
2847
2848
2849
2850
2851
2852
2853
2854
2855
2856
2857
2858
2859
2860
2861
2862
2863
2864
2865
2866
2867
2868
2869
2870
2871
2872
2873
2874
2875
2876
2877
2878
2879
2880
2881
2882
2883
2884
2885
2886
2887
2888
2889
2890
2891
2892
2893
2894
2895
2896
2897
2898
2899
2900
2901
2902
2903
2904
2905
2906
2907
2908
2909
2910
2911
2912
2913
2914
2915
2916
2917
2918
2919
2920
2921
2922
2923
2924
2925
2926
2927
2928
2929
2930
2931
2932
2933
2934
2935
2936
2937
2938
2939
2940
2941
2942
2943
2944
2945
2946
2947
2948
2949
2950
2951
2952
2953
2954
2955
2956
2957
2958
2959
2960
2961
2962
2963
2964
2965
2966
2967
2968
2969
2970
2971
2972
2973
2974
2975
2976
2977
2978
2979
2980
2981
2982
2983
2984
2985
2986
2987
2988
2989
2990
2991
2992
2993
2994
2995
2996
2997
2998
2999
3000
3001
3002
3003
3004
3005
3006
3007
3008
3009
3010
3011
3012
3013
3014
3015
3016
3017
3018
3019
3020
3021
3022
3023
3024
3025
3026
3027
3028
3029
3030
3031
3032
3033
3034
3035
3036
3037
3038
3039
3040
3041
3042
3043
3044
3045
3046
3047
3048
3049
3050
3051
3052
3053
3054
3055
3056
3057
3058
3059
3060
3061
3062
3063
3064
3065
3066
3067
3068
3069
3070
3071
3072
3073
3074
3075
3076
3077
3078
3079
3080
3081
3082
3083
3084
3085
3086
3087
3088
3089
3090
3091
3092
3093
3094
3095
3096
3097
3098
3099
3100
3101
3102
3103
3104
3105
3106
3107
3108
3109
3110
3111
3112
3113
3114
3115
3116
3117
3118
3119
3120
3121
3122
3123
3124
3125
3126
3127
3128
3129
3130
3131
3132
3133
3134
3135
3136
3137
3138
3139
3140
3141
3142
3143
3144
3145
3146
3147
3148
3149
3150
3151
3152
3153
3154
3155
3156
3157
3158
3159
3160
3161
3162
3163
3164
3165
3166
3167
3168
3169
3170
3171
3172
3173
3174
3175
3176
3177
3178
3179
3180
3181
3182
3183
3184
3185
3186
3187
3188
3189
3190
3191
3192
3193
3194
3195
3196
3197
3198
3199
3200
3201
3202
3203
3204
3205
3206
3207
3208
3209
3210
3211
3212
3213
3214
3215
3216
3217
3218
3219
3220
3221
3222
3223
3224
3225
3226
3227
3228
3229
3230
3231
3232
3233
3234
3235
3236
3237
3238
3239
3240
3241
3242
3243
3244
3245
3246
3247
3248
3249
3250
3251
3252
3253
3254
3255
3256
3257
3258
3259
3260
3261
3262
3263
3264
3265
3266
3267
3268
3269
3270
3271
3272
3273
3274
3275
3276
3277
3278
3279
3280
3281
3282
3283
3284
3285
3286
3287
3288
3289
3290
3291
3292
3293
3294
3295
3296
3297
3298
3299
3300
3301
3302
3303
3304
3305
3306
3307
3308
3309
3310
3311
3312
3313
3314
3315
3316
3317
3318
3319
3320
3321
3322
3323
3324
3325
3326
3327
3328
3329
3330
3331
3332
3333
3334
3335
3336
3337
3338
3339
3340
3341
3342
3343
3344
3345
3346
3347
3348
3349
3350
3351
3352
3353
3354
3355
3356
3357
3358
3359
3360
3361
3362
3363
3364
3365
3366
3367
3368
3369
3370
3371
3372
3373
3374
3375
3376
3377
3378
3379
3380
3381
3382
3383
3384
3385
3386
3387
3388
3389
3390
3391
3392
3393
3394
3395
3396
3397
3398
3399
3400
3401
3402
3403
3404
3405
3406
3407
3408
3409
3410
3411
3412
3413
3414
3415
3416
3417
3418
3419
3420
3421
3422
3423
3424
3425
3426
3427
3428
3429
3430
3431
3432
3433
3434
3435
3436
3437
3438
3439
3440
3441
3442
3443
3444
3445
3446
3447
3448
3449
3450
3451
3452
3453
3454
3455
3456
3457
3458
3459
3460
3461
3462
3463
3464
3465
3466
3467
3468
3469
3470
3471
3472
3473
3474
3475
3476
3477
3478
3479
3480
3481
3482
3483
3484
3485
3486
3487
3488
3489
3490
3491
3492
3493
3494
3495
3496
3497
3498
3499
3500
3501
3502
3503
3504
3505
3506
3507
3508
3509
3510
3511
3512
3513
3514
3515
3516
3517
3518
3519
3520
3521
3522
3523
3524
3525
3526
3527
3528
3529
3530
3531
3532
3533
3534
3535
3536
3537
3538
3539
3540
3541
3542
3543
3544
3545
3546
3547
3548
3549
3550
3551
3552
3553
3554
3555
3556
3557
3558
3559
3560
3561
3562
3563
3564
3565
3566
3567
3568
3569
3570
3571
3572
3573
3574
3575
3576
3577
3578
3579
3580
3581
3582
3583
3584
3585
3586
3587
3588
3589
3590
3591
3592
3593
3594
3595
3596
3597
3598
3599
3600
3601
3602
3603
3604
3605
3606
3607
3608
3609
3610
3611
3612
3613
3614
3615
3616
3617
3618
3619
3620
3621
3622
3623
3624
3625
3626
3627
3628
3629
3630
3631
3632
3633
3634
3635
3636
3637
3638
3639
3640
3641
3642
3643
3644
3645
3646
3647
3648
3649
3650
3651
3652
3653
3654
3655
3656
3657
3658
3659
3660
3661
3662
3663
3664
3665
3666
3667
3668
3669
3670
3671
3672
3673
3674
3675
3676
3677
3678
3679
3680
3681
3682
3683
3684
3685
3686
3687
3688
3689
3690
3691
3692
3693
3694
3695
3696
3697
3698
3699
3700
3701
3702
3703
3704
3705
3706
3707
3708
3709
3710
3711
3712
3713
3714
3715
3716
3717
3718
3719
3720
3721
3722
3723
3724
3725
3726
3727
3728
3729
3730
3731
3732
3733
3734
3735
3736
3737
3738
3739
3740
3741
3742
3743
3744
3745
3746
3747
3748
3749
3750
3751
3752
3753
3754
3755
3756
3757
3758
3759
3760
3761
3762
3763
3764
3765
3766
3767
3768
3769
3770
3771
3772
3773
3774
3775
3776
3777
3778
3779
3780
3781
3782
3783
3784
3785
3786
3787
3788
3789
3790
3791
3792
3793
3794
3795
3796
3797
3798
3799
3800
3801
3802
3803
3804
3805
3806
3807
3808
3809
3810
3811
3812
3813
3814
3815
3816
3817
3818
3819
3820
3821
3822
3823
3824
3825
3826
3827
3828
3829
3830
3831
3832
3833
3834
3835
3836
3837
3838
3839
3840
3841
3842
3843
3844
3845
3846
3847
3848
3849
3850
3851
3852
3853
3854
3855
3856
3857
3858
3859
3860
3861
3862
3863
3864
3865
3866
3867
3868
3869
3870
3871
3872
3873
3874
3875
3876
3877
3878
3879
3880
3881
3882
3883
3884
3885
3886
3887
3888
3889
3890
3891
3892
3893
3894
3895
3896
3897
3898
3899
3900
3901
3902
3903
3904
3905
3906
3907
3908
3909
3910
3911
3912
3913
3914
3915
3916
3917
3918
3919
3920
3921
3922
3923
3924
3925
3926
3927
3928
3929
3930
3931
3932
3933
3934
3935
3936
3937
3938
3939
3940
3941
3942
3943
3944
3945
3946
3947
3948
3949
3950
3951
3952
3953
3954
3955
3956
3957
3958
3959
3960
3961
3962
3963
3964
3965
3966
3967
3968
3969
3970
3971
3972
3973
3974
3975
3976
3977
3978
3979
3980
3981
3982
3983
3984
3985
3986
3987
3988
3989
3990
3991
3992
3993
3994
3995
3996
3997
3998
3999
4000
4001
4002
4003
4004
4005
4006
4007
4008
4009
4010
4011
4012
4013
4014
4015
4016
4017
4018
4019
4020
4021
4022
4023
4024
4025
4026
4027
4028
4029
4030
4031
4032
4033
4034
4035
4036
4037
4038
4039
4040
4041
4042
4043
4044
4045
4046
4047
4048
4049
4050
4051
4052
4053
4054
4055
4056
4057
4058
4059
4060
4061
4062
4063
4064
4065
4066
4067
4068
4069
4070
4071
4072
4073
4074
4075
4076
4077
4078
4079
4080
4081
4082
4083
4084
4085
4086
4087
4088
4089
4090
4091
4092
4093
4094
4095
4096
4097
4098
4099
4100
4101
4102
4103
4104
4105
4106
4107
4108
4109
4110
4111
4112
4113
4114
4115
4116
4117
4118
4119
4120
4121
4122
4123
4124
4125
4126
4127
4128
4129
4130
4131
4132
4133
4134
4135
4136
4137
4138
4139
4140
4141
4142
4143
4144
4145
4146
4147
4148
4149
4150
4151
4152
4153
4154
4155
4156
4157
4158
4159
4160
4161
4162
4163
4164
4165
4166
4167
4168
4169
4170
4171
4172
4173
4174
4175
4176
4177
4178
4179
4180
4181
4182
4183
4184
4185
4186
4187
4188
4189
4190
4191
4192
4193
4194
4195
4196
4197
4198
4199
4200
4201
4202
4203
4204
4205
4206
4207
4208
4209
4210
4211
4212
4213
4214
4215
4216
4217
4218
4219
4220
4221
4222
4223
4224
4225
4226
4227
4228
4229
4230
4231
4232
4233
4234
4235
4236
4237
4238
4239
4240
4241
4242
4243
4244
4245
4246
4247
4248
4249
4250
4251
4252
4253
4254
4255
4256
4257
4258
4259
4260
4261
4262
4263
4264
4265
4266
4267
4268
4269
4270
4271
4272
4273
4274
4275
4276
4277
4278
4279
4280
4281
4282
4283
4284
4285
4286
4287
4288
4289
4290
4291
4292
4293
4294
4295
4296
4297
4298
4299
4300
4301
4302
4303
4304
4305
4306
4307
4308
4309
4310
4311
4312
4313
4314
4315
4316
4317
4318
4319
4320
4321
4322
4323
4324
4325
4326
4327
4328
4329
4330
4331
4332
4333
4334
4335
4336
4337
4338
4339
4340
4341
4342
4343
4344
4345
4346
4347
4348
4349
4350
4351
4352
4353
4354
4355
4356
4357
4358
4359
4360
4361
4362
4363
4364
4365
4366
4367
4368
4369
4370
4371
4372
4373
4374
4375
4376
4377
4378
4379
4380
4381
4382
4383
4384
4385
4386
4387
4388
4389
4390
4391
4392
4393
4394
4395
4396
4397
4398
4399
4400
4401
4402
4403
4404
4405
4406
4407
4408
4409
4410
4411
4412
4413
4414
4415
4416
4417
4418
4419
4420
4421
4422
4423
4424
4425
4426
4427
4428
4429
4430
4431
4432
4433
4434
4435
4436
4437
4438
4439
4440
4441
4442
4443
4444
4445
4446
4447
4448
4449
4450
4451
4452
4453
4454
4455
4456
4457
4458
4459
4460
4461
4462
4463
4464
4465
4466
4467
4468
4469
4470
4471
4472
4473
4474
4475
4476
4477
4478
4479
4480
4481
4482
4483
4484
4485
4486
4487
4488
4489
4490
4491
4492
4493
4494
4495
4496
4497
4498
4499
4500
4501
4502
4503
4504
4505
4506
4507
4508
4509
4510
4511
4512
4513
4514
4515
4516
4517
4518
4519
4520
4521
4522
4523
4524
4525
4526
4527
4528
4529
4530
4531
4532
4533
4534
4535
4536
4537
4538
4539
4540
4541
4542
4543
4544
4545
4546
4547
4548
4549
4550
4551
4552
4553
4554
4555
4556
4557
4558
4559
4560
4561
4562
4563
4564
4565
4566
4567
4568
4569
4570
4571
4572
4573
4574
4575
4576
4577
4578
4579
4580
4581
4582
4583
4584
4585
4586
4587
4588
4589
4590
4591
4592
4593
4594
4595
4596
4597
4598
4599
4600
4601
4602
4603
4604
4605
4606
4607
4608
4609
4610
4611
4612
4613
4614
4615
4616
4617
4618
4619
4620
4621
4622
4623
4624
4625
4626
4627
4628
4629
4630
4631
4632
4633
4634
4635
4636
4637
4638
4639
4640
4641
4642
4643
4644
4645
4646
4647
4648
4649
4650
4651
4652
4653
4654
4655
4656
4657
4658
4659
4660
4661
4662
4663
4664
4665
4666
4667
4668
4669
4670
4671
4672
4673
4674
4675
4676
4677
4678
4679
4680
4681
4682
4683
4684
4685
4686
4687
4688
4689
4690
4691
4692
4693
4694
4695
4696
4697
4698
4699
4700
4701
4702
4703
4704
4705
4706
4707
4708
4709
4710
4711
4712
4713
4714
4715
4716
4717
4718
4719
4720
4721
4722
4723
4724
4725
4726
4727
4728
4729
4730
4731
4732
4733
4734
4735
4736
4737
4738
4739
4740
4741
4742
4743
4744
4745
4746
4747
4748
4749
4750
4751
4752
4753
4754
4755
4756
4757
4758
4759
4760
4761
4762
4763
4764
4765
4766
4767
4768
4769
4770
4771
4772
4773
4774
4775
4776
4777
4778
4779
4780
4781
4782
4783
4784
4785
4786
4787
4788
4789
4790
4791
4792
4793
4794
4795
4796
4797
4798
4799
4800
4801
4802
4803
4804
4805
4806
4807
4808
4809
4810
4811
4812
4813
4814
4815
4816
4817
4818
4819
4820
4821
4822
4823
4824
4825
4826
4827
4828
4829
4830
4831
4832
4833
4834
4835
4836
4837
4838
4839
4840
4841
4842
4843
4844
4845
4846
4847
4848
4849
4850
4851
4852
4853
4854
4855
4856
4857
4858
4859
4860
4861
4862
4863
4864
4865
4866
4867
4868
4869
4870
4871
4872
4873
4874
4875
4876
4877
4878
4879
4880
4881
4882
4883
4884
4885
4886
4887
4888
4889
4890
4891
4892
4893
4894
4895
4896
4897
4898
4899
4900
4901
4902
4903
4904
4905
4906
4907
4908
4909
4910
4911
4912
4913
4914
4915
4916
4917
4918
4919
4920
4921
4922
4923
4924
4925
4926
4927
4928
4929
4930
4931
4932
4933
4934
4935
4936
4937
4938
4939
4940
4941
4942
4943
4944
4945
4946
4947
4948
4949
4950
4951
4952
4953
4954
4955
4956
4957
4958
4959
4960
4961
4962
4963
4964
4965
4966
4967
4968
4969
4970
4971
4972
4973
4974
4975
4976
4977
4978
4979
4980
4981
4982
4983
4984
4985
4986
4987
4988
4989
4990
4991
4992
4993
4994
4995
4996
4997
4998
4999
5000
5001
5002
5003
5004
5005
5006
5007
5008
5009
5010
5011
5012
5013
5014
5015
5016
5017
5018
5019
5020
5021
5022
5023
5024
5025
5026
5027
5028
5029
5030
5031
5032
5033
5034
5035
5036
5037
5038
5039
5040
5041
5042
5043
5044
5045
5046
5047
5048
5049
5050
5051
5052
5053
5054
5055
5056
5057
5058
5059
5060
5061
5062
5063
5064
5065
5066
5067
5068
5069
5070
5071
5072
5073
5074
5075
5076
5077
5078
5079
5080
5081
5082
5083
5084
5085
5086
5087
5088
5089
5090
5091
5092
5093
5094
5095
5096
5097
5098
5099
5100
5101
5102
5103
5104
5105
5106
5107
5108
5109
5110
5111
5112
5113
5114
5115
5116
5117
5118
5119
5120
5121
5122
5123
5124
5125
5126
5127
5128
5129
5130
5131
5132
5133
5134
5135
5136
5137
5138
5139
5140
5141
5142
5143
5144
5145
5146
5147
5148
5149
5150
5151
5152
5153
5154
5155
5156
5157
5158
5159
5160
5161
5162
5163
5164
5165
5166
5167
5168
5169
5170
5171
5172
5173
5174
5175
5176
5177
5178
5179
5180
5181
5182
5183
5184
5185
5186
5187
5188
5189
5190
5191
5192
5193
5194
5195
5196
5197
5198
5199
5200
5201
5202
5203
5204
5205
5206
5207
5208
5209
5210
5211
5212
5213
5214
5215
5216
5217
5218
5219
5220
5221
5222
5223
5224
5225
5226
5227
5228
5229
5230
5231
5232
5233
5234
5235
5236
5237
5238
5239
5240
5241
5242
5243
5244
5245
5246
5247
5248
5249
5250
5251
5252
5253
5254
5255
5256
5257
5258
5259
5260
5261
5262
5263
5264
5265
5266
5267
5268
5269
5270
5271
5272
5273
5274
5275
5276
5277
5278
5279
5280
5281
5282
5283
5284
5285
5286
5287
5288
5289
5290
5291
5292
5293
5294
5295
5296
5297
5298
5299
5300
5301
5302
5303
5304
5305
5306
5307
5308
5309
5310
5311
5312
5313
5314
5315
5316
5317
5318
5319
5320
5321
5322
5323
5324
5325
5326
5327
5328
5329
5330
5331
5332
5333
5334
5335
5336
5337
5338
5339
5340
5341
5342
5343
5344
5345
5346
5347
5348
5349
5350
5351
5352
5353
5354
5355
5356
5357
5358
5359
5360
5361
5362
5363
5364
5365
5366
5367
5368
5369
5370
5371
5372
5373
5374
5375
5376
5377
5378
5379
5380
5381
5382
5383
5384
5385
5386
5387
5388
5389
5390
5391
5392
5393
5394
5395
5396
5397
5398
5399
5400
5401
5402
5403
5404
5405
5406
5407
5408
5409
5410
5411
5412
5413
5414
5415
5416
5417
5418
5419
5420
5421
5422
5423
5424
5425
5426
5427
5428
5429
5430
5431
5432
5433
5434
5435
5436
5437
5438
5439
5440
5441
5442
5443
5444
5445
5446
5447
5448
5449
5450
5451
5452
5453
5454
5455
5456
5457
5458
5459
5461
5463
5464
5465
5466
5467
5469
5470
5471
5472
5474
5475
5476
5477
5479
5480
5481
5482
5484
5486
5489
5492
5493
5495
5496
5497
5498
5499
5500
5501
5502
5504
5506
5507
5510
5511
5512
5516
5517
5520
5521
5522
5524
5525
5526
5528
5533
5534
5535
5537
5539
5540
5541
5543
5546
5548
5550
5551
5552
5553
5555
5558
5559
5560
5561
5564
5565
5567
5570
5571
5572
5573
5578
5579
5581
5582
5583
5584
5585
5586
5587
5588
5590
5592
5593
5594
5595
5597
5598
5603
5604
5607
5608
5609
5610
5612
5614
5615
5616
5617
5618
5619
5621
5622
5624
5625
5627
5628
5629
5630
5632
5634
5635
5636
5637
5638
5645
5646
5647
5648
5652
5653
5654
5656
5658
5659
5661
5662
5663
5665
5666
5667
5668
5669
5670
5674
5675
5676
5677
5678
5680
5682
5683
5687
5690
5692
5694
5700
5701
5702
5703
5705
5706
5711
5714
5715
5716
5717
5718
5719
5720
5721
5722
5724
5725
5728
5731
5732
5734
5735
5736
5739
5740
5742
5744
5745
5746
5751
5753
5754
5757
5758
5759
5760
5761
5762
5764
5766
5769
5772
5773
5775
5776
5778
5779
5780
5782
5785
5786
5787
5789
5791
5794
5797
5798
5799
5800
5802
5803
5806
5807
5809
5815
5818
5821
5822
5823
5826
5827
5836
5837
5839
5845
5846
5847
5848
5849
5853
5855
5857
5860
5861
5863
5864
5868
5871
5872
5873
5876
5879
5880
5881
5882
5888
5890
5891
5892
5895
5896
5897
5898
5900
5902
5903
5909
5913
5914
5915
5916
5917
5918
5920
5921
5925
5927
5928
5930
5931
5933
5934
5935
5936
5937
5938
5939
5940
5943
5944
5945
5946
5948
5949
5950
5952
5953
5954
5955
5956
5957
5959
5961
5962
5965
5966
5968
5969
5970
5971
5972
5976
5979
5981
5983
5985
5987
5988
5990
5993
5995
5998
6000
6002
6003
6004
6007
6009
6010
6012
6013
6018
6019
6020
6021
6025
6026
6028
6031
6032
6033
6035
6036
6039
6041
6042
6043
6044
6047
6048
6049
6051
6056
6059
6061
6063
6064
6065
6066
6068
6069
6074
6076
6077
6078
6079
6080
6081
6082
6083
6086
6089
6090
6093
6094
6099
6100
6103
6105
6108
6109
6111
6113
6114
6117
6118
6119
6120
6121
6122
6123
6124
6125
6127
6129
6130
6131
6132
6133
6136
6138
6139
6140
6142
6143
6144
6146
6147
6149
6150
6151
6152
6153
6154
6156
6157
6159
6160
6164
6165
6166
6167
6169
6170
6171
6172
6173
6174
6177
6178
6180
6181
6183
6184
6185
6186
6187
6188
6189
6190
6192
6193
6194
6195
6196
6200
6202
6204
6206
6207
6208
6209
6210
6211
6212
6214
6216
6217
6218
6219
6220
6221
6222
6223
6224
6225
6228
6230
6231
6234
6235
6237
6238
6239
6240
6243
6245
6246
6248
6249
6250
6253
6254
6255
6262
6263
6266
6269
6270
6271
6273
6274
6278
6279
6280
6283
6284
6285
6286
6288
6290
6291
6292
6294
6296
6298
6299
6302
6303
6306
6307
6308
6309
6312
6315
6316
6318
6319
6320
6322
6323
6325
6328
6329
6330
6333
6334
6337
6338
6340
6342
6344
6345
6346
6347
6350
6354
6355
6356
6357
6358
6359
6360
6362
6364
6367
6368
6369
6370
6371
6373
6376
6380
6381
6383
6384
6385
6387
6390
6391
6392
6395
6396
6397
6398
6403
6405
6406
6410
6411
6413
6417
6418
6419
6420
6421
6422
6425
6427
6428
6429
6431
6432
6433
6435
6438
6441
6442
6443
6444
6445
6446
6448
6451
6452
6453
6454
6459
6463
6465
6466
6467
6468
6470
6472
6473
6475
6476
6477
6479
6482
6483
6484
6488
6493
6494
6495
6496
6500
6502
6505
6507
6508
6509
6510
6513
6514
6519
6520
6524
6530
6531
6534
6535
6544
6549
6551
6553
6554
6556
6557
6560
6561
6564
6565
6566
6568
6570
6574
6575
6577
6578
6580
6581
6582
6583
6585
6588
6591
6592
6593
6594
6596
6599
6603
6604
6605
6608
6609
6610
6611
6613
6614
6615
6618
6619
6620
6621
6625
6626
6627
6628
6633
6635
6637
6641
6642
6643
6647
6648
6649
6650
6651
6652
6653
6655
6657
6658
6659
6661
6662
6663
6667
6668
6669
6670
6671
6672
6673
6674
6679
6680
6683
6685
6689
6692
6695
6698
6699
6702
6703
6704
6705
6706
6707
6708
6709
6711
6712
6715
6716
6717
6718
6720
6722
6724
6725
6726
6727
6730
6731
6732
6735
6738
6745
6746
6748
6750
6752
6754
6756
6757
6758
6760
6762
6763
6764
6765
6766
6767
6768
6769
6770
6772
6775
6776
6777
6779
6780
6782
6784
6786
6790
6792
6793
6796
6797
6799
6800
6806
6809
6810
6812
6813
6816
6818
6820
6822
6825
6826
6827
6828
6830
6832
6833
6834
6836
6841
6847
6848
6849
6850
6852
6853
6854
6856
6857
6860
6861
6864
6866
6868
6869
6870
6872
6873
6875
6876
6878
6879
6880
6881
6882
6883
6885
6887
6888
6889
6890
6894
6895
6896
6897
6902
6904
6906
6907
6908
6909
6911
6914
6915
6916
6918
6920
6923
6924
6925
6927
6928
6931
6933
6934
6935
6938
6939
6945
6947
6949
6951
6953
6957
6958
6959
6960
6961
6962
6964
6965
6967
6968
6969
6970
6971
6972
6974
6978
6980
6982
6983
6984
6985
6986
6987
6989
6990
6992
6994
6996
6997
6999
7005
7006
7008
7014
7015
7016
7019
7026
7028
7030
7033
7034
7038
7039
7040
7041
7042
7044
7047
7048
7051
7052
7053
7054
7055
7058
7060
7061
7063
7064
7067
7069
7071
7072
7078
7079
7081
7083
7087
7089
7091
7092
7095
7097
7099
7101
7102
7103
7104
7105
7107
7109
7110
7111
7114
7115
7116
7119
7120
7122
7125
7127
7129
7132
7133
7134
7135
7137
7138
7141
7144
7145
7146
7147
7150
7151
7155
7156
7158
7161
7163
7164
7165
7168
7171
7172
7173
7176
7178
7180
7181
7185
7188
7191
7192
7194
7195
7198
7199
7200
7201
7203
7206
7207
7208
7209
7211
7214
7215
7217
7219
7221
7222
7223
7224
7225
7226
7228
7233
7234
7236
7237
7238
7239
7240
7241
7244
7245
7247
7249
7256
7257
7258
7259
7260
7263
7264
7265
7267
7268
7269
7270
7271
7273
7274
7276
7277
7278
7280
7283
7285
7289
7290
7291
7293
7294
7296
7297
7299
7302
7303
7306
7307
7308
7309
7311
7313
7314
7316
7317
7320
7321
7322
7323
7324
7325
7326
7328
7329
7330
7334
7335
7338
7341
7342
7344
7345
7347
7351
7352
7353
7354
7357
7358
7359
7361
7364
7365
7366
7367
7368
7370
7373
7376
7377
7378
7379
7382
7385
7386
7389
7391
7392
7394
7395
7397
7398
7400
7401
7402
7404
7406
7408
7409
7410
7411
7412
7414
7415
7416
7417
7418
7420
7421
7423
7424
7427
7428
7430
7432
7433
7434
7435
7436
7438
7439
7442
7444
7446
7447
7449
7450
7451
7452
7453
7454
7455
7456
7458
7460
7461
7462
7463
7465
7470
7473
7474
7475
7476
7481
7482
7485
7486
7487
7489
7490
7491
7492
7493
7494
7495
7496
7500
7503
7504
7506
7507
7509
7510
7513
7516
7517
7519
7523
7528
7529
7530
7532
7533
7534
7535
7539
7540
7544
7545
7552
7555
7556
7557
7558
7560
7561
7563
7564
7566
7567
7572
7573
7574
7575
7576
7580
7581
7582
7585
7586
7587
7588
7589
7590
7591
7592
7593
7597
7598
7599
7600
7601
7602
7605
7607
7610
7612
7613
7614
7615
7616
7617
7618
7619
7620
7621
7624
7626
7627
7630
7633
7637
7638
7640
7641
7643
7645
7646
7647
7650
7651
7652
7654
7655
7657
7658
7659
7661
7662
7663
7664
7667
7668
7669
7670
7671
7672
7674
7676
7677
7680
7683
7685
7687
7690
7692
7693
7697
7698
7699
7700
7702
7704
7705
7707
7708
7712
7714
7716
7717
7719
7720
7722
7724
7725
7726
7729
7730
7731
7739
7740
7744
7745
7747
7748
7751
7754
7756
7757
7759
7760
7761
7762
7763
7764
7766
7767
7770
7771
7772
7773
7774
7775
7776
7777
7782
7783
7785
7786
7788
7789
7790
7791
7794
7795
7796
7801
7802
7805
7807
7809
7811
7814
7817
7818
7819
7825
7826
7830
7831
7832
7834
7835
7836
7837
7839
7840
7843
7845
7846
7847
7848
7849
7850
7852
7853
7855
7856
7857
7858
7859
7863
7865
7867
7869
7873
7881
7884
7887
7896
7897
7898
7900
7903
7904
7905
7906
7907
7908
7909
7911
7912
7913
7916
7917
7918
7919
7924
7926
7927
7931
7932
7934
7935
7936
7938
7942
7943
7946
7949
7950
7951
7953
7958
7959
7960
7963
7964
7965
7967
7971
7972
7973
7975
7976
7980
7981
7983
7985
7986
7987
7989
7990
7992
7995
8001
8002
8004
8005
8007
8011
8015
8017
8019
8020
8021
8022
8023
8026
8027
8028
8029
8030
8031
8032
8033
8035
8036
8037
8039
8041
8042
8044
8045
8046
8047
8049
8051
8052
8055
8059
8060
8061
8062
8064
8066
8067
8069
8070
8072
8076
8077
8078
8080
8081
8082
8084
8085
8088
8091
8092
8093
8094
8096
8100
8101
8103
8104
8110
8111
8112
8114
8115
8118
8119
8122
8125
8129
8130
8132
8137
8139
8141
8143
8145
8146
8148
8150
8154
8156
8160
8164
8166
8167
8168
8171
8174
8175
8178
8179
8181
8182
8183
8185
8186
8189
8192
8195
8196
8198
8199
8203
8206
8209
8210
8211
8214
8215
8216
8217
8220
8221
8222
8223
8225
8226
8228
8229
8230
8234
8236
8237
8240
8241
8246
8247
8249
8250
8252
8254
8261
8262
8263
8264
8265
8267
8272
8273
8278
8281
8283
8284
8285
8286
8287
8288
8289
8291
8296
8297
8300
8303
8304
8305
8309
8314
8316
8319
8320
8322
8323
8332
8333
8334
8337
8338
8342
8343
8351
8352
8353
8356
8357
8360
8361
8364
8365
8366
8369
8373
8374
8376
8378
8379
8380
8381
8383
8384
8385
8388
8389
8391
8394
8395
8396
8397
8398
8402
8404
8405
8406
8407
8408
8411
8412
8413
8414
8415
8417
8421
8424
8426
8427
8428
8429
8430
8431
8432
8433
8435
8437
8438
8439
8441
8442
8443
8444
8446
8448
8449
8450
8452
8453
8455
8459
8460
8461
8462
8463
8464
8465
8466
8471
8472
8473
8476
8477
8478
8479
8480
8481
8482
8483
8484
8487
8489
8490
8491
8492
8493
8494
8495
8496
8497
8498
8500
8502
8503
8504
8505
8506
8509
8510
8512
8513
8514
8515
8516
8517
8518
8520
8521
8524
8526
8527
8531
8532
8533
8534
8536
8537
8538
8542
8548
8549
8551
8552
8553
8554
8557
8559
8567
8568
8571
8572
8574
8576
8580
8582
8583
8584
8586
8587
8588
8590
8591
8592
8594
8598
8601
8602
8605
8607
8614
8616
8617
8618
8623
8628
8630
8631
8633
8634
8636
8637
8640
8641
8643
8644
8646
8648
8651
8652
8654
8656
8657
8658
8659
8660
8662
8664
8667
8668
8671
8672
8673
8676
8678
8681
8684
8686
8688
8689
8692
8693
8696
8697
8702
8704
8705
8707
8708
8710
8712
8713
8718
8719
8720
8723
8724
8725
8726
8727
8729
8731
8738
8739
8740
8741
8743
8746
8747
8748
8749
8750
8751
8754
8758
8759
8763
8766
8769
8771
8772
8774
8776
8780
8781
8782
8784
8786
8787
8789
8790
8791
8792
8793
8794
8799
8800
8801
8805
8806
8807
8810
8811
8814
8815
8816
8819
8822
8823
8825
8828
8831
8832
8837
8839
8843
8844
8845
8848
8849
8850
8851
8853
8855
8856
8857
8860
8862
8863
8865
8866
8867
8868
8869
8871
8873
8874
8875
8876
8877
8882
8886
8889
8890
8893
8896
8897
8898
8900
8902
8903
8905
8908
8911
8912
8913
8917
8919
8923
8924
8925
8926
8927
8928
8929
8931
8933
8935
8936
8937
8939
8942
8944
8947
8949
8951
8952
8953
8956
8957
8960
8961
8962
8964
8966
8967
8968
8969
8970
8971
8974
8977
8978
8979
8984
8985
8987
8988
8990
8992
8993
8994
8995
8996
8997
8998
9006
9008
9012
9014
9015
9016
9020
9025
9027
9029
9030
9032
9033
9034
9038
9039
9040
9041
9043
9044
9045
9047
9048
9054
9057
9059
9060
9062
9065
9066
9067
9071
9073
9074
9076
9077
9080
9083
9086
9087
9093
9096
9100
9101
9103
9104
9105
9110
9111
9114
9118
9119
9120
9121
9127
9129
9130
9131
9134
9139
9144
9145
9147
9148
9149
9150
9151
9152
9153
9156
9158
9160
9161
9164
9165
9167
9168
9170
9172
9173
9174
9175
9177
9180
9182
9184
9185
9188
9191
9192
9194
9196
9197
9200
9204
9206
9208
9210
9213
9214
9218
9220
9222
9226
9227
9229
9230
9231
9234
9236
9239
9240
9241
9243
9244
9245
9246
9247
9249
9253
9255
9259
9262
9263
9264
9265
9267
9268
9269
9275
9276
9277
9278
9279
9281
9283
9284
9285
9286
9287
9288
9290
9292
9293
9295
9297
9298
9299
9300
9301
9302
9305
9308
9309
9314
9315
9317
9320
9322
9323
9324
9325
9326
9327
9329
9330
9331
9332
9333
9334
9335
9336
9339
9342
9350
9353
9355
9357
9363
9364
9366
9367
9368
9369
9373
9375
9377
9378
9380
9381
9383
9384
9385
9386
9387
9388
9392
9393
9394
9395
9396
9399
9402
9403
9406
9407
9412
9414
9417
9418
9419
9423
9427
9431
9434
9435
9436
9439
9440
9441
9442
9443
9445
9446
9447
9450
9451
9452
9453
9454
9457
9458
9459
9460
9462
9467
9470
9471
9472
9473
9474
9476
9477
9478
9480
9481
9486
9487
9491
9493
9495
9499
9500
9501
9502
9503
9504
9508
9509
9510
9514
9515
9516
9517
9519
9523
9528
9533
9536
9538
9542
9543
9545
9548
9549
9550
9551
9553
9555
9556
9557
9559
9561
9565
9566
9568
9570
9572
9573
9576
9578
9579
9580
9583
9584
9585
9587
9589
9591
9592
9594
9595
9596
9597
9599
9605
9606
9607
9614
9615
9617
9619
9620
9621
9623
9625
9626
9627
9631
9632
9635
9638
9639
9640
9642
9643
9645
9648
9649
9650
9653
9655
9656
9657
9659
9662
9664
9667
9669
9670
9675
9677
9697
9698
9699
9700
9703
9708
9710
9712
9714
9721
9722
9725
9730
9731
9733
9734
9739
9740
9741
9743
9745
9747
9748
9749
9751
9753
9758
9761
9766
9767
9770
9772
9774
9775
9779
9780
9781
9785
9792
9793
9794
9795
9799
9801
9804
9808
9809
9813
9816
9818
9820
9821
9822
9824
9825
9828
9829
9830
9831
9833
9837
9839
9840
9842
9843
9844
9847
9848
9852
9853
9855
9857
9865
9866
9867
9876
9878
9879
9881
9882
9884
9885
9886
9889
9892
9895
9896
9902
9903
9905
9909
9910
9914
9916
9917
9918
9919
9920
9921
9923
9924
9925
9928
9930
9933
9937
9938
9940
9943
9947
9949
9951
9952
9953
9955
9956
9959
9960
9962
9964
9966
9968
9969
9972
9973
9974
9977
9978
9980
9981
9983
9984
9985
9988
9990
9991
9993
9995
9997
9999
10001
10002
10004
10005
10008
10009
10010
10011
10012
10013
10015
10017
10018
10021
10022
10025
10026
10028
10029
10031
10034
10035
10037
10041
10045
10050
10051
10052
10053
10058
10060
10062
10063
10066
10068
10075
10076
10078
10080
10081
10083
10085
10087
10088
10093
10096
10097
10098
10100
10103
10105
10106
10107
10109
10111
10112
10113
10114
10117
10119
10122
10126
10127
10128
10130
10136
10137
10138
10139
10140
10145
10149
10154
10159
10160
10162
10163
10164
10166
10169
10170
10171
10173
10177
10178
10181
10183
10184
10185
10187
10188
10189
10191
10192
10195
10197
10198
10199
10201
10203
10204
10208
10212
10213
10215
10217
10219
10222
10223
10226
10228
10231
10232
10234
10235
10238
10242
10243
10244
10245
10246
10249
10251
10254
10258
10261
10263
10264
10265
10266
10267
10268
10269
10271
10272
10274
10277
10280
10281
10284
10285
10286
10288
10289
10294
10295
10297
10298
10299
10301
10304
10305
10307
10309
10311
10314
10317
10318
10322
10326
10327
10328
10330
10331
10335
10338
10340
10341
10343
10344
10345
10346
10348
10354
10356
10359
10361
10367
10368
10370
10371
10374
10375
10376
10379
10380
10383
10384
10388
10389
10390
10391
10393
10397
10399
10401
10404
10407
10408
10409
10410
10414
10417
10418
10420
10421
10424
10428
10429
10430
10431
10432
10433
10435
10436
10439
10442
10445
10448
10449
10451
10452
10455
10460
10462
10463
10467
10468
10469
10470
10472
10473
10474
10477
10481
10482
10483
10485
10487
10488
10489
10492
10493
10495
10496
10497
10499
10500
10502
10504
10505
10507
10508
10509
10510
10512
10513
10517
10518
10519
10521
10523
10524
10529
10532
10533
10535
10536
10537
10538
10539
10540
10543
10544
10547
10548
10550
10551
10553
10554
10555
10557
10559
10560
10561
10564
10565
10566
10567
10569
10570
10573
10574
10575
10577
10578
10580
10584
10587
10591
10592
10594
10596
10598
10599
10600
10601
10602
10605
10611
10613
10614
10616
10617
10620
10624
10626
10627
10628
10632
10633
10636
10637
10638
10639
10643
10647
10648
10651
10653
10655
10656
10659
10661
10662
10663
10664
10665
10667
10672
10674
10676
10677
10678
10679
10680
10681
10683
10689
10691
10693
10694
10696
10700
10703
10706
10714
10717
10718
10721
10722
10723
10724
10725
10734
10736
10737
10739
10740
10741
10743
10746
10749
10752
10753
10754
10756
10759
10762
10763
10764
10765
10767
10769
10770
10771
10773
10774
10775
10777
10780
10783
10787
10788
10789
10791
10792
10793
10796
10798
10801
10807
10808
10811
10813
10814
10815
10819
10820
10821
10822
10824
10830
10832
10834
10835
10836
10839
10845
10849
10852
10855
10856
10857
10858
10860
10862
10864
10867
10868
10869
10876
10877
10878
10880
10884
10885
10886
10890
10891
10892
10893
10897
10898
10899
10904
10905
10906
10907
10910
10912
10913
10914
10916
10925
10930
10933
10935
10936
10937
10938
10939
10946
10947
10953
10957
10958
10959
10963
10965
10968
10969
10970
10971
10973
10974
10975
10977
10979
10980
10982
10984
10986
10989
10991
10997
11003
11005
11006
11011
11013
11018
11020
11021
11023
11024
11030
11033
11042
11045
11049
11050
11051
11053
11055
11056
11057
11060
11062
11070
11072
11074
11075
11082
11083
11084
11089
11090
11092
11093
11095
11098
11102
11105
11107
11108
11110
11112
11115
11116
11117
11118
11119
11120
11122
11125
11127
11129
11130
11131
11133
11135
11136
11137
11139
11141
11142
11144
11145
11147
11148
11154
11155
11157
11158
11159
11161
11164
11166
11167
11171
11176
11177
11179
11180
11182
11186
11188
11190
11191
11196
11198
11199
11203
11204
11205
11207
11210
11211
11213
11218
11219
11220
11221
11222
11223
11224
11225
11226
11227
11228
11229
11233
11234
11236
11237
11244
11245
11248
11249
11251
11255
11256
11257
11259
11263
11265
11266
11267
11270
11272
11274
11275
11277
11278
11279
11282
11284
11285
11286
11287
11288
11290
11297
11298
11299
11304
11305
11308
11309
11314
11318
11319
11322
11327
11328
11329
11330
11332
11336
11337
11339
11340
11348
11350
11354
11361
11364
11365
11366
11368
11369
11371
11373
11377
11380
11381
11383
11384
11385
11386
11387
11388
11389
11390
11393
11395
11396
11398
11399
11400
11403
11405
11414
11415
11417
11420
11422
11423
11424
11426
11427
11428
11432
11438
11439
11440
11442
11447
11448
11449
11452
11456
11457
11458
11459
11462
11463
11467
11470
11471
11472
11473
11474
11476
11478
11480
11481
11483
11485
11487
11488
11489
11494
11495
11496
11497
11499
11500
11503
11507
11508
11512
11513
11515
11516
11517
11518
11519
11521
11528
11530
11531
11532
11539
11540
11546
11548
11549
11551
11554
11556
11558
11559
11560
11563
11564
11565
11566
11567
11568
11573
11574
11576
11578
11579
11581
11583
11584
11587
11591
11597
11598
11599
11608
11609
11611
11612
11613
11616
11618
11621
11623
11626
11627
11630
11631
11632
11635
11638
11639
11646
11647
11648
11655
11657
11658
11659
11660
11663
11665
11667
11668
11671
11674
11676
11680
11681
11685
11687
11688
11690
11692
11694
11695
11696
11697
11701
11704
11705
11708
11711
11713
11715
11716
11717
11719
11722
11723
11724
11725
11729
11730
11732
11733
11735
11737
11742
11745
11747
11748
11753
11754
11755
11757
11759
11760
11764
11765
11767
11768
11771
11772
11777
11778
11779
11781
11782
11787
11791
11796
11797
11798
11799
11801
11803
11804
11807
11811
11812
11815
11818
11819
11820
11821
11822
11824
11826
11828
11829
11831
11832
11835
11840
11841
11842
11844
11846
11847
11850
11851
11854
11855
11857
11858
11862
11864
11865
11866
11867
11869
11874
11875
11876
11879
11882
11884
11885
11886
11890
11891
11893
11897
11898
11903
11904
11905
11906
11908
11913
11919
11921
11924
11925
11928
11931
11932
11935
11936
11941
11947
11948
11950
11952
11953
11954
11957
11958
11959
11967
11972
11974
11975
11976
11977
11980
11981
11982
11985
11986
11990
11992
11993
11998
11999
12001
12002
12006
12007
12009
12011
12015
12019
12020
12021
12023
12026
12027
12032
12036
12037
12038
12039
12041
12042
12047
12055
12056
12057
12058
12059
12063
12066
12067
12068
12071
12076
12077
12078
12082
12083
12085
12089
12092
12095
12099
12102
12104
12105
12106
12107
12109
12114
12115
12116
12118
12119
12121
12123
12124
12125
12126
12127
12128
12129
12130
12131
12132
12133
12139
12144
12145
12147
12149
12153
12157
12158
12161
12162
12163
12164
12167
12169
12174
12175
12178
12180
12181
12182
12183
12185
12186
12187
12191
12192
12193
12197
12198
12199
12200
12201
12202
12203
12204
12205
12206
12207
12209
12211
12216
12217
12218
12219
12220
12223
12227
12228
12230
12232
12233
12235
12237
12238
12239
12243
12247
12248
12249
12250
12251
12254
12255
12256
12257
12259
12261
12264
12267
12270
12271
12276
12283
12284
12285
12286
12288
12289
12290
12291
12293
12294
12295
12296
12297
12298
12300
12301
12303
12305
12306
12309
12311
12312
12313
12314
12318
12319
12320
12321
12322
12324
12325
12327
12328
12330
12332
12333
12336
12338
12340
12341
12343
12344
12347
12348
12349
12352
12353
12355
12358
12359
12360
12366
12367
12369
12372
12377
12378
12381
12382
12387
12388
12389
12390
12392
12396
12398
12400
12401
12402
12406
12408
12412
12419
12421
12423
12428
12429
12431
12432
12436
12438
12439
12440
12443
12447
12452
12454
12455
12456
12457
12459
12461
12462
12463
12465
12467
12469
12470
12471
12473
12476
12478
12479
12480
12481
12482
12483
12489
12491
12494
12497
12500
12501
12503
12505
12508
12514
12515
12516
12519
12521
12522
12532
12533
12535
12536
12538
12540
12541
12542
12543
12551
12552
12555
12558
12559
12562
12564
12565
12566
12568
12569
12571
12572
12573
12574
12575
12576
12581
12582
12584
12585
12588
12589
12591
12592
12593
12595
12596
12597
12598
12606
12610
12611
12612
12613
12616
12617
12618
12619
12622
12623
12625
12626
12627
12628
12630
12632
12636
12638
12639
12641
12645
12647
12648
12649
12652
12658
12659
12660
12661
12662
12663
12666
12670
12674
12675
12677
12678
12679
12681
12683
12685
12686
12687
12688
12689
12691
12692
12694
12697
12698
12699
12700
12702
12705
12709
12714
12715
12725
12729
12730
12733
12734
12737
12738
12740
12742
12743
12745
12749
12750
12751
12758
12759
12763
12765
12767
12769
12772
12776
12782
12783
12785
12787
12789
12790
12791
12795
12796
12797
12798
12800
12802
12803
12804
12807
12811
12812
12814
12818
12819
12820
12823
12824
12829
12830
12837
12838
12840
12841
12842
12844
12845
12846
12849
12850
12855
12856
12857
12859
12862
12863
12864
12866
12871
12872
12876
12877
12878
12880
12881
12883
12887
12888
12889
12890
12891
12893
12897
12900
12901
12902
12911
12915
12919
12920
12921
12922
12923
12927
12929
12930
12931
12934
12935
12936
12937
12939
12944
12946
12951
12953
12955
12956
12957
12961
12962
12963
12964
12967
12968
12970
12974
12975
12982
12994
12995
12997
13001
13006
13007
13008
13009
13012
13014
13015
13018
13019
13021
13023
13024
13028
13029
13030
13036
13037
13038
13039
13040
13043
13044
13045
13046
13049
13050
13052
13053
13055
13056
13057
13058
13059
13060
13064
13066
13067
13071
13072
13073
13074
13076
13077
13079
13081
13083
13085
13088
13089
13090
13092
13097
13101
13114
13118
13119
13123
13125
13126
13127
13131
13132
13137
13139
13141
13144
13145
13148
13149
13151
13153
13156
13161
13162
13166
13167
13170
13172
13173
13176
13177
13180
13183
13184
13185
13187
13188
13193
13194
13196
13199
13200
13203
13204
13205
13207
13210
13217
13218
13219
13221
13223
13225
13228
13231
13233
13234
13235
13236
13237
13239
13240
13242
13243
13249
13250
13254
13255
13257
13258
13265
13267
13268
13269
13274
13275
13276
13280
13284
13285
13286
13287
13288
13289
13291
13292
13294
13295
13297
13300
13304
13314
13319
13320
13326
13330
13331
13332
13335
13336
13339
13341
13344
13345
13346
13349
13350
13352
13355
13358
13362
13365
13370
13372
13373
13377
13382
13383
13387
13390
13392
13394
13396
13401
13404
13406
13411
13413
13418
13420
13426
13433
13442
13443
13444
13445
13447
13450
13452
13454
13458
13459
13460
13461
13465
13471
13472
13475
13476
13477
13479
13480
13481
13484
13485
13487
13489
13493
13501
13502
13504
13505
13507
13508
13509
13512
13515
13516
13517
13519
13523
13524
13526
13530
13533
13534
13536
13537
13538
13540
13545
13551
13552
13553
13556
13558
13569
13573
13575
13576
13577
13578
13581
13584
13585
13586
13589
13591
13595
13597
13600
13603
13604
13606
13613
13616
13618
13621
13623
13625
13629
13633
13635
13639
13640
13642
13644
13649
13650
13654
13655
13660
13661
13663
13664
13665
13666
13668
13672
13673
13674
13676
13680
13683
13684
13686
13687
13694
13697
13699
13701
13702
13703
13705
13706
13707
13708
13709
13711
13719
13720
13722
13725
13730
13731
13733
13734
13736
13741
13742
13744
13745
13748
13752
13753
13754
13755
13758
13763
13767
13770
13774
13775
13779
13781
13782
13790
13791
13793
13795
13798
13800
13808
13810
13813
13814
13815
13816
13820
13821
13823
13827
13829
13830
13831
13832
13833
13835
13837
13838
13840
13841
13843
13852
13856
13862
13864
13868
13872
13873
13874
13875
13876
13877
13881
13883
13886
13890
13896
13897
13898
13899
13900
13902
13905
13906
13907
13910
13911
13912
13914
13915
13917
13920
13921
13928
13929
13933
13937
13940
13943
13944
13946
13948
13949
13950
13951
13954
13955
13956
13958
13962
13963
13964
13965
13968
13970
13971
13974
13975
13976
13977
13980
13981
13983
13984
13985
13986
13988
13989
13991
13994
13995
13999
14000
14005
14006
14010
14011
14016
14019
14020
14022
14024
14025
14026
14027
14028
14029
14032
14036
14038
14039
14044
14047
14050
14056
14058
14059
14062
14063
14068
14069
14070
14071
14072
14073
14075
14077
14078
14080
14082
14085
14086
14089
14091
14092
14093
14095
14097
14099
14100
14101
14102
14103
14104
14107
14111
14116
14117
14118
14119
14122
14124
14126
14127
14129
14131
14132
14135
14136
14137
14138
14143
14144
14148
14150
14155
14156
14157
14162
14165
14166
14170
14171
14173
14175
14176
14178
14179
14183
14186
14187
14188
14189
14191
14192
14193
14194
14206
14209
14213
14214
14215
14216
14217
14218
14219
14222
14223
14225
14226
14229
14230
14232
14234
14235
14238
14240
14244
14246
14249
14254
14256
14258
14259
14261
14263
14270
14271
14274
14275
14277
14279
14281
14282
14283
14285
14287
14289
14290
14299
14304
14305
14308
14311
14315
14316
14319
14323
14325
14327
14331
14333
14336
14338
14340
14342
14343
14348
14349
14350
14351
14353
14354
14355
14361
14362
14364
14365
14368
14369
14371
14372
14374
14377
14381
14382
14384
14388
14389
14390
14391
14392
14394
14396
14397
14400
14401
14404
14405
14406
14413
14414
14416
14417
14418
14419
14420
14421
14422
14428
14431
14432
14434
14438
14440
14442
14443
14445
14447
14451
14454
14456
14457
14458
14459
14464
14467
14470
14478
14481
14482
14483
14484
14487
14488
14490
14491
14492
14496
14499
14504
14509
14510
14513
14514
14519
14520
14521
14522
14526
14529
14533
14534
14537
14538
14539
14540
14541
14546
14547
14548
14551
14553
14556
14557
14559
14560
14561
14563
14564
14566
14567
14568
14571
14572
14573
14574
14581
14586
14587
14588
14589
14592
14593
14595
14598
14600
14605
14608
14609
14611
14612
14614
14617
14620
14621
14622
14623
14628
14629
14630
14631
14632
14634
14635
14636
14637
14638
14639
14642
14643
14644
14646
14649
14653
14655
14656
14660
14663
14665
14668
14669
14671
14673
14679
14680
14684
14686
14688
14692
14693
14694
14697
14707
14708
14710
14711
14712
14715
14719
14720
14722
14723
14724
14725
14726
14727
14730
14735
14736
14741
14744
14745
14746
14747
14748
14749
14750
14751
14753
14754
14756
14758
14761
14765
14769
14771
14772
14775
14776
14779
14780
14781
14783
14785
14786
14787
14793
14795
14796
14797
14800
14804
14807
14809
14810
14812
14819
14823
14829
14832
14833
14834
14835
14837
14839
14842
14844
14853
14854
14857
14859
14861
14864
14865
14869
14874
14875
14876
14877
14884
14885
14891
14895
14898
14899
14900
14901
14905
14906
14910
14911
14919
14920
14927
14928
14931
14936
14937
14938
14939
14940
14943
14948
14953
14954
14955
14956
14960
14969
14971
14972
14974
14975
14976
14978
14979
14980
14986
14987
14988
14994
14995
14996
15000
15002
15006
15007
15009
15012
15013
15014
15015
15016
15017
15019
15025
15028
15029
15030
15031
15035
15039
15040
15042
15045
15047
15048
15050
15053
15054
15057
15059
15061
15063
15067
15070
15071
15074
15077
15079
15080
15081
15083
15084
15085
15088
15090
15092
15095
15096
15097
15099
15100
15101
15105
15110
15112
15113
15115
15116
15121
15122
15123
15124
15125
15126
15127
15129
15131
15132
15134
15136
15137
15139
15140
15143
15144
15147
15149
15152
15153
15159
15160
15169
15170
15172
15173
15177
15178
15179
15180
15181
15182
15183
15187
15188
15191
15192
15196
15198
15199
15202
15203
15205
15210
15214
15216
15218
15220
15226
15227
15229
15230
15231
15237
15240
15241
15243
15244
15249
15251
15254
15258
15266
15267
15269
15270
15272
15273
15277
15280
15287
15288
15296
15297
15298
15299
15301
15303
15304
15305
15306
15309
15312
15314
15316
15317
15318
15320
15322
15325
15327
15329
15330
15332
15333
15334
15340
15342
15347
15348
15352
15353
15365
15366
15372
15373
15375
15376
15378
15380
15381
15383
15384
15388
15392
15394
15395
15397
15400
15401
15404
15405
15407
15408
15410
15412
15413
15414
15415
15416
15418
15421
15423
15427
15428
15434
15436
15438
15439
15441
15444
15446
15447
15449
15451
15454
15460
15462
15463
15465
15466
15467
15470
15474
15476
15477
15479
15480
15481
15484
15489
15494
15495
15500
15503
15504
15508
15513
15515
15517
15520
15521
15524
15527
15528
15531
15536
15537
15538
15539
15540
15552
15553
15556
15558
15559
15560
15563
15565
15566
15567
15570
15572
15573
15575
15578
15580
15581
15584
15585
15586
15587
15590
15591
15594
15595
15596
15597
15600
15604
15605
15611
15614
15620
15621
15628
15630
15633
15634
15640
15641
15643
15646
15651
15652
15653
15654
15656
15658
15659
15660
15664
15665
15666
15669
15670
15672
15674
15676
15678
15679
15681
15682
15683
15684
15685
15686
15687
15691
15692
15694
15696
15698
15699
15700
15701
15703
15707
15710
15711
15717
15720
15721
15722
15724
15725
15730
15732
15734
15739
15740
15746
15748
15749
15751
15755
15758
15760
15765
15771
15773
15774
15776
15777
15783
15785
15786
15787
15790
15791
15794
15800
15802
15803
15812
15813
15815
15816
15819
15823
15828
15829
15832
15834
15835
15836
15837
15839
15842
15851
15855
15857
15860
15866
15867
15869
15870
15872
15874
15875
15878
15882
15883
15886
15890
15893
15894
15898
15899
15901
15902
15906
15907
15908
15913
15915
15916
15919
15920
15923
15925
15927
15931
15932
15941
15943
15947
15953
15954
15955
15956
15958
15962
15965
15967
15972
15973
15974
15976
15977
15979
15981
15984
15985
15988
15990
15997
15998
15999
16000
16002
16003
16008
16009
16010
16012
16015
16018
16022
16023
16024
16025
16026
16028
16031
16034
16035
16040
16044
16045
16046
16047
16048
16049
16050
16051
16052
16054
16055
16056
16059
16060
16063
16064
16065
16066
16070
16071
16075
16076
16077
16078
16088
16090
16092
16093
16094
16096
16098
16099
16103
16104
16106
16108
16111
16114
16117
16121
16122
16123
16126
16127
16131
16132
16136
16139
16141
16143
16144
16145
16149
16151
16152
16153
16156
16157
16159
16162
16163
16165
16166
16172
16173
16180
16189
16192
16194
16195
16196
16198
16202
16212
16221
16222
16223
16226
16229
16231
16236
16237
16241
16244
16245
16250
16251
16253
16255
16256
16262
16264
16266
16273
16275
16278
16283
16286
16288
16290
16297
16299
16306
16308
16309
16310
16311
16312
16316
16319
16320
16321
16324
16326
16329
16331
16336
16337
16338
16340
16348
16349
16353
16357
16359
16360
16366
16367
16369
16372
16375
16377
16378
16380
16382
16383
16385
16386
16387
16388
16389
16393
16394
16396
16401
16402
16405
16408
16409
16410
16418
16420
16421
16424
16425
16426
16427
16429
16433
16434
16440
16441
16445
16447
16448
16450
16454
16456
16460
16463
16466
16473
16474
16475
16477
16479
16481
16483
16489
16491
16493
16496
16497
16498
16501
16504
16505
16506
16507
16508
16509
16512
16513
16517
16528
16529
16530
16531
16533
16534
16536
16539
16541
16543
16544
16548
16549
16558
16559
16566
16567
16568
16570
16572
16574
16576
16578
16579
16581
16584
16591
16593
16599
16603
16604
16606
16609
16611
16612
16614
16617
16618
16620
16621
16622
16623
16624
16626
16627
16631
16632
16633
16635
16637
16644
16645
16646
16647
16649
16651
16655
16657
16662
16665
16671
16673
16675
16677
16678
16679
16682
16692
16695
16697
16698
16700
16704
16705
16707
16709
16710
16711
16713
16716
16721
16722
16724
16727
16730
16734
16738
16740
16741
16742
16743
16748
16753
16756
16757
16761
16762
16764
16772
16773
16775
16778
16784
16791
16797
16798
16803
16804
16805
16807
16808
16810
16813
16815
16820
16822
16823
16826
16832
16835
16839
16840
16843
16844
16846
16847
16852
16853
16858
16859
16860
16861
16864
16867
16868
16870
16871
16876
16879
16880
16882
16883
16890
16896
16897
16902
16903
16908
16910
16917
16918
16919
16920
16922
16925
16931
16942
16943
16944
16946
16947
16950
16954
16956
16957
16961
16962
16963
16964
16966
16967
16971
16972
16977
16982
16984
16987
16988
16991
16992
16994
16997
16998
16999
17000
17003
17004
17005
17007
17008
17010
17011
17013
17014
17015
17019
17021
17022
17030
17031
17034
17039
17041
17047
17048
17049
17057
17058
17061
17062
17064
17066
17067
17071
17073
17074
17076
17083
17084
17085
17088
17090
17091
17094
17095
17097
17100
17102
17103
17104
17105
17108
17110
17113
17114
17120
17122
17124
17125
17126
17129
17130
17131
17134
17135
17142
17146
17148
17154
17155
17162
17163
17165
17170
17171
17173
17176
17177
17183
17186
17188
17189
17190
17192
17197
17200
17201
17202
17205
17208
17209
17210
17213
17217
17220
17222
17230
17231
17233
17234
17238
17243
17244
17246
17249
17252
17255
17258
17259
17261
17262
17263
17264
17265
17266
17268
17270
17271
17272
17274
17276
17277
17278
17279
17280
17282
17285
17287
17290
17291
17293
17294
17298
17299
17300
17302
17303
17304
17307
17310
17314
17316
17317
17319
17321
17329
17330
17335
17336
17337
17338
17340
17341
17342
17343
17350
17351
17352
17353
17354
17357
17364
17367
17370
17372
17373
17374
17380
17381
17382
17384
17385
17387
17388
17391
17402
17404
17405
17407
17411
17412
17413
17416
17417
17419
17421
17422
17424
17428
17431
17432
17438
17439
17441
17443
17444
17448
17460
17470
17475
17476
17477
17479
17480
17483
17486
17489
17492
17493
17498
17502
17503
17505
17507
17509
17511
17513
17514
17515
17522
17526
17527
17528
17529
17531
17536
17541
17542
17543
17545
17546
17547
17548
17549
17554
17558
17560
17567
17569
17571
17572
17573
17579
17584
17585
17586
17587
17592
17595
17597
17598
17599
17602
17603
17605
17610
17611
17613
17616
17620
17625
17626
17631
17633
17636
17638
17640
17641
17642
17644
17646
17650
17653
17656
17658
17660
17662
17663
17664
17665
17666
17668
17669
17670
17671
17674
17675
17676
17678
17679
17680
17683
17684
17686
17688
17697
17698
17701
17705
17706
17707
17711
17717
17718
17722
17724
17727
17729
17731
17732
17736
17737
17738
17743
17744
17748
17749
17750
17754
17755
17756
17757
17759
17764
17766
17767
17769
17773
17777
17778
17779
17780
17782
17783
17784
17786
17793
17797
17800
17805
17807
17810
17813
17815
17819
17820
17822
17823
17824
17827
17828
17831
17833
17838
17839
17841
17844
17845
17846
17847
17851
17852
17854
17857
17862
17864
17869
17870
17871
17880
17883
17885
17887
17889
17893
17895
17898
17899
17903
17909
17911
17912
17915
17920
17930
17931
17934
17936
17938
17939
17944
17945
17947
17948
17950
17952
17954
17957
17958
17960
17961
17964
17965
17966
17968
17969
17973
17975
17977
17980
17981
17982
17984
17987
17988
17993
17997
17999
18003
18006
18011
18015
18016
18020
18024
18027
18028
18029
18034
18036
18039
18048
18051
18052
18059
18062
18063
18064
18067
18070
18080
18084
18085
18086
18089
18093
18099
18102
18104
18106
18107
18108
18110
18111
18113
18115
18118
18119
18121
18128
18130
18136
18140
18142
18146
18147
18150
18154
18159
18161
18164
18165
18168
18170
18176
18178
18179
18184
18186
18188
18189
18190
18191
18194
18195
18197
18198
18199
18202
18203
18204
18205
18208
18210
18212
18213
18214
18216
18217
18218
18221
18228
18230
18233
18234
18235
18236
18239
18242
18243
18244
18246
18251
18253
18259
18260
18262
18275
18276
18283
18284
18289
18290
18302
18306
18307
18309
18313
18314
18316
18318
18319
18320
18321
18324
18325
18326
18327
18331
18332
18333
18336
18337
18338
18348
18349
18350
18357
18359
18366
18368
18369
18371
18374
18375
18376
18379
18380
18381
18383
18386
18387
18388
18392
18395
18398
18403
18410
18412
18416
18418
18420
18422
18424
18425
18427
18432
18434
18435
18441
18442
18444
18445
18451
18453
18457
18460
18461
18463
18466
18467
18470
18475
18477
18478
18480
18482
18485
18488
18490
18501
18507
18513
18518
18520
18524
18527
18528
18530
18532
18535
18540
18542
18545
18547
18554
18556
18557
18560
18561
18562
18570
18573
18575
18577
18578
18580
18582
18585
18587
18588
18595
18603
18605
18606
18608
18610
18613
18617
18619
18622
18626
18631
18636
18639
18642
18644
18645
18646
18648
18651
18652
18654
18655
18661
18665
18666
18667
18669
18678
18684
18685
18688
18689
18704
18705
18707
18708
18714
18715
18717
18722
18723
18725
18730
18731
18732
18734
18735
18736
18741
18743
18746
18747
18749
18751
18753
18754
18755
18756
18758
18759
18767
18779
18785
18789
18791
18792
18797
18801
18803
18810
18811
18812
18814
18816
18817
18818
18819
18820
18821
18829
18830
18838
18841
18844
18846
18848
18853
18855
18857
18858
18860
18863
18868
18869
18870
18873
18876
18878
18881
18883
18884
18885
18887
18888
18890
18891
18894
18895
18902
18904
18905
18907
18912
18920
18923
18924
18925
18926
18928
18931
18932
18934
18937
18939
18940
18942
18945
18948
18949
18952
18953
18956
18957
18959
18960
18962
18964
18968
18970
18971
18972
18973
18975
18978
18980
18984
18986
18988
18993
18995
18996
19000
19004
19008
19013
19021
19024
19025
19028
19035
19037
19038
19040
19044
19053
19054
19055
19057
19058
19062
19066
19068
19073
19078
19079
19080
19084
19087
19088
19091
19094
19097
19098
19102
19104
19105
19106
19110
19111
19114
19118
19119
19121
19124
19125
19132
19133
19137
19140
19141
19143
19145
19146
19147
19152
19153
19157
19159
19164
19171
19173
19176
19180
19184
19186
19187
19188
19190
19194
19197
19198
19202
19207
19211
19213
19217
19219
19221
19222
19223
19225
19227
19230
19232
19233
19235
19241
19243
19244
19248
19249
19250
19253
19256
19257
19261
19262
19263
19264
19265
19266
19267
19268
19274
19275
19279
19282
19283
19284
19285
19286
19287
19290
19292
19295
19298
19304
19317
19318
19322
19324
19325
19326
19331
19332
19338
19339
19344
19345
19346
19347
19352
19355
19357
19361
19364
19365
19366
19368
19369
19374
19375
19376
19381
19383
19386
19387
19389
19395
19399
19403
19404
19406
19407
19411
19417
19418
19419
19425
19429
19431
19436
19437
19438
19439
19442
19444
19447
19448
19452
19454
19457
19458
19460
19461
19464
19466
19467
19468
19469
19470
19473
19474
19475
19479
19480
19486
19489
19490
19491
19493
19494
19497
19501
19502
19503
19505
19507
19509
19516
19518
19523
19527
19533
19537
19538
19543
19546
19547
19549
19551
19552
19553
19555
19557
19558
19559
19561
19564
19566
19570
19574
19576
19577
19578
19579
19581
19582
19587
19588
19591
19593
19597
19598
19599
19602
19607
19608
19614
19622
19626
19627
19628
19629
19637
19639
19641
19644
19651
19652
19653
19654
19655
19656
19658
19659
19660
19662
19663
19666
19668
19670
19676
19679
19681
19685
19686
19688
19689
19693
19700
19701
19706
19707
19710
19717
19719
19723
19729
19730
19732
19733
19739
19740
19742
19746
19748
19750
19752
19756
19758
19759
19760
19762
19770
19777
19778
19780
19781
19782
19783
19785
19786
19790
19792
19793
19794
19803
19805
19816
19822
19826
19827
19833
19834
19839
19842
19847
19848
19860
19875
19877
19879
19881
19883
19888
19890
19891
19902
19903
19905
19906
19911
19913
19918
19919
19920
19927
19928
19929
19931
19934
19937
19940
19943
19947
19948
19949
19951
19952
19954
19955
19960
19963
19966
19976
19981
19983
19984
19989
19992
19996
20002
20006
20007
20008
20013
20014
20020
20021
20022
20023
20026
20027
20032
20033
20040
20043
20044
20049
20050
20051
20052
20053
20054
20057
20059
20060
20068
20069
20079
20080
20081
20083
20088
20089
20096
20098
20100
20101
20102
20105
20110
20111
20115
20116
20118
20125
20131
20132
20138
20143
20144
20145
20147
20149
20150
20151
20152
20153
20158
20160
20161
20162
20165
20167
20171
20174
20178
20181
20182
20183
20189
20190
20192
20194
20195
20197
20199
20203
20204
20205
20209
20212
20213
20214
20216
20218
20219
20225
20226
20227
20231
20232
20234
20238
20239
20242
20243
20247
20249
20250
20251
20253
20259
20263
20266
20267
20269
20271
20287
20288
20289
20293
20296
20298
20299
20302
20307
20310
20313
20314
20315
20323
20326
20330
20333
20338
20341
20342
20344
20345
20346
20348
20349
20350
20351
20357
20358
20360
20362
20364
20368
20374
20376
20378
20382
20384
20386
20387
20388
20389
20396
20398
20401
20403
20404
20410
20414
20415
20420
20423
20426
20428
20429
20430
20431
20432
20433
20434
20436
20437
20451
20452
20459
20460
20461
20465
20468
20473
20474
20484
20485
20487
20488
20490
20495
20500
20501
20502
20503
20505
20508
20516
20520
20523
20524
20525
20527
20528
20533
20534
20535
20540
20541
20542
20544
20550
20552
20554
20555
20560
20565
20566
20567
20569
20572
20573
20575
20577
20578
20581
20583
20587
20591
20592
20594
20596
20598
20599
20602
20604
20605
20607
20609
20610
20617
20618
20626
20627
20628
20630
20631
20634
20640
20645
20648
20649
20651
20656
20657
20659
20663
20665
20666
20667
20671
20673
20674
20675
20676
20681
20682
20685
20687
20689
20691
20702
20706
20707
20708
20710
20711
20715
20717
20718
20722
20726
20727
20730
20731
20733
20740
20745
20749
20754
20755
20758
20760
20762
20768
20775
20776
20777
20780
20783
20789
20791
20792
20794
20807
20808
20813
20814
20816
20819
20822
20826
20828
20834
20835
20836
20843
20846
20849
20850
20851
20853
20856
20857
20863
20865
20866
20867
20869
20871
20872
20873
20879
20881
20884
20887
20892
20893
20895
20898
20903
20904
20907
20908
20909
20911
20919
20927
20929
20930
20934
20937
20939
20941
20947
20954
20955
20957
20959
20960
20963
20964
20967
20969
20972
20974
20975
20976
20978
20980
20982
20984
20987
20989
20992
20994
20996
20997
21000
21001
21002
21003
21005
21009
21010
21011
21016
21020
21021
21026
21027
21028
21031
21032
21033
21040
21041
21043
21046
21047
21048
21057
21063
21065
21067
21073
21078
21080
21081
21082
21086
21089
21093
21095
21097
21106
21107
21109
21112
21114
21116
21117
21123
21124
21125
21128
21133
21134
21135
21138
21139
21140
21141
21146
21147
21153
21154
21156
21157
21160
21162
21164
21165
21166
21169
21171
21179
21180
21183
21188
21191
21194
21195
21198
21200
21201
21202
21203
21204
21210
21214
21217
21222
21227
21229
21233
21237
21240
21241
21242
21243
21246
21254
21255
21256
21257
21263
21265
21273
21275
21276
21278
21279
21282
21283
21284
21285
21287
21288
21289
21291
21292
21294
21297
21303
21306
21309
21310
21312
21313
21315
21316
21317
21322
21324
21331
21332
21337
21343
21347
21352
21356
21361
21364
21365
21366
21368
21370
21371
21372
21374
21376
21378
21379
21381
21382
21383
21386
21388
21393
21396
21397
21401
21402
21410
21412
21413
21418
21419
21423
21427
21433
21436
21439
21443
21446
21448
21450
21451
21454
21457
21458
21460
21464
21465
21468
21474
21475
21477
21478
21480
21485
21490
21491
21493
21494
21495
21499
21504
21506
21510
21511
21513
21514
21515
21517
21518
21521
21523
21528
21531
21536
21537
21538
21540
21541
21542
21543
21545
21546
21548
21549
21551
21552
21555
21556
21563
21564
21565
21568
21571
21575
21585
21590
21595
21600
21608
21609
21610
21613
21616
21617
21619
21620
21621
21622
21623
21626
21628
21634
21643
21645
21650
21653
21654
21656
21657
21658
21661
21662
21666
21671
21677
21684
21687
21688
21690
21692
21695
21699
21704
21705
21706
21716
21720
21722
21726
21727
21731
21734
21740
21741
21743
21744
21745
21747
21748
21751
21752
21758
21763
21764
21767
21774
21777
21778
21782
21783
21784
21786
21787
21788
21789
21790
21795
21796
21797
21801
21803
21805
21808
21809
21810
21813
21815
21820
21822
21823
21824
21830
21831
21834
21835
21836
21839
21841
21847
21849
21850
21855
21858
21859
21862
21863
21864
21869
21875
21876
21877
21879
21880
21888
21889
21892
21893
21894
21899
21901
21904
21905
21907
21908
21917
21919
21920
21923
21927
21932
21933
21939
21942
21944
21956
21957
21959
21963
21965
21966
21967
21970
21971
21974
21976
21977
21988
21993
21995
21999
22001
22004
22006
22010
22016
22021
22022
22024
22028
22030
22032
22039
22041
22042
22044
22045
22051
22052
22053
22057
22058
22070
22071
22074
22075
22077
22084
22085
22086
22087
22088
22098
22099
22100
22104
22109
22112
22115
22116
22121
22122
22123
22126
22128
22132
22133
22134
22137
22139
22141
22143
22145
22151
22156
22157
22160
22161
22167
22170
22173
22176
22177
22183
22185
22187
22192
22194
22196
22202
22208
22209
22211
22214
22215
22216
22220
22226
22228
22229
22230
22233
22234
22236
22240
22243
22245
22247
22249
22259
22264
22266
22270
22272
22281
22282
22284
22286
22287
22291
22292
22294
22307
22312
22323
22326
22330
22333
22334
22335
22337
22338
22341
22344
22347
22349
22350
22353
22356
22359
22361
22362
22365
22367
22373
22377
22378
22379
22387
22388
22390
22392
22397
22402
22405
22406
22407
22411
22413
22422
22428
22430
22433
22435
22436
22441
22442
22443
22444
22449
22452
22454
22460
22461
22463
22465
22468
22470
22471
22474
22479
22482
22483
22485
22487
22488
22489
22494
22496
22498
22499
22502
22507
22510
22512
22513
22514
22517
22519
22521
22524
22528
22534
22536
22538
22541
22542
22544
22546
22548
22551
22552
22557
22561
22562
22566
22568
22576
22580
22584
22586
22587
22594
22597
22599
22601
22603
22604
22607
22609
22612
22613
22617
22618
22619
22625
22632
22633
22634
22635
22637
22639
22640
22641
22642
22646
22648
22649
22650
22656
22657
22663
22666
22667
22669
22672
22673
22674
22679
22687
22692
22694
22695
22697
22699
22703
22705
22708
22709
22710
22712
22714
22720
22721
22725
22727
22729
22734
22735
22736
22738
22740
22741
22742
22743
22747
22750
22751
22755
22756
22759
22760
22762
22769
22770
22772
22774
22777
22782
22784
22785
22792
22793
22796
22800
22805
22808
22809
22810
22814
22816
22818
22819
22823
22826
22827
22830
22834
22836
22844
22851
22852
22855
22857
22861
22863
22869
22870
22872
22876
22884
22887
22890
22893
22899
22906
22907
22909
22910
22913
22916
22923
22928
22933
22939
22941
22943
22947
22950
22952
22955
22956
22959
22960
22961
22964
22966
22970
22972
22973
22975
22976
22977
22978
22980
22984
22985
22987
22990
22991
22992
22994
22995
22998
22999
23000
23001
23005
23008
23010
23013
23014
23015
23016
23020
23021
23025
23032
23052
23055
23056
23057
23059
23060
23061
23067
23068
23070
23071
23073
23074
23075
23076
23087
23092
23094
23097
23099
23101
23110
23112
23113
23114
23116
23119
23121
23122
23127
23128
23133
23134
23137
23139
23142
23145
23146
23148
23149
23153
23155
23157
23160
23162
23165
23166
23171
23172
23173
23174
23175
23186
23190
23193
23197
23203
23205
23209
23210
23212
23213
23216
23219
23220
23222
23224
23232
23233
23235
23242
23244
23247
23248
23249
23252
23253
23255
23260
23265
23268
23269
23271
23272
23274
23275
23276
23280
23288
23292
23293
23300
23302
23303
23305
23308
23309
23312
23313
23317
23322
23325
23327
23332
23333
23336
23339
23345
23353
23356
23357
23359
23361
23362
23367
23368
23369
23370
23371
23372
23374
23379
23380
23381
23383
23388
23389
23395
23396
23400
23409
23410
23412
23413
23418
23419
23420
23429
23435
23447
23455
23457
23458
23459
23460
23461
23462
23463
23464
23465
23466
23467
23469
23473
23476
23477
23481
23488
23491
23493
23497
23499
23503
23506
23508
23511
23512
23515
23517
23518
23519
23521
23527
23528
23532
23534
23535
23538
23539
23545
23550
23558
23559
23560
23564
23568
23570
23575
23577
23579
23582
23586
23588
23592
23596
23597
23600
23606
23607
23612
23613
23620
23621
23623
23625
23627
23628
23630
23631
23634
23637
23640
23648
23650
23653
23658
23663
23665
23666
23668
23672
23673
23682
23684
23685
23686
23689
23692
23693
23700
23704
23705
23712
23714
23715
23716
23719
23720
23733
23737
23738
23741
23742
23746
23750
23759
23762
23766
23771
23772
23779
23780
23784
23787
23788
23798
23802
23808
23809
23811
23812
23822
23823
23824
23826
23830
23832
23833
23834
23835
23836
23837
23840
23843
23844
23847
23852
23855
23857
23862
23866
23874
23875
23876
23880
23881
23882
23883
23884
23885
23892
23893
23898
23901
23902
23904
23908
23910
23911
23913
23916
23918
23919
23920
23921
23926
23931
23935
23937
23938
23940
23941
23945
23947
23948
23956
23958
23960
23965
23966
23971
23973
23975
23977
23980
23985
23987
23989
23992
23996
23999
24002
24013
24014
24019
24020
24023
24026
24028
24029
24030
24040
24042
24043
24048
24051
24052
24055
24057
24059
24060
24061
24064
24066
24067
24072
24073
24075
24078
24082
24083
24085
24086
24090
24091
24093
24095
24096
24097
24098
24101
24102
24103
24105
24118
24120
24121
24124
24126
24127
24130
24132
24134
24138
24139
24140
24145
24146
24147
24149
24151
24155
24161
24166
24169
24173
24176
24178
24180
24181
24183
24184
24191
24196
24198
24199
24200
24202
24204
24207
24210
24215
24221
24224
24226
24227
24229
24235
24239
24240
24247
24254
24255
24258
24259
24263
24266
24271
24272
24275
24277
24280
24281
24282
24286
24287
24288
24289
24291
24296
24300
24301
24302
24305
24311
24314
24318
24319
24321
24322
24324
24326
24337
24340
24342
24344
24346
24348
24349
24355
24357
24358
24359
24360
24362
24366
24369
24371
24372
24373
24374
24375
24376
24384
24390
24391
24395
24396
24402
24403
24404
24406
24407
24409
24410
24412
24418
24421
24426
24434
24438
24441
24442
24446
24450
24453
24457
24459
24460
24461
24464
24465
24466
24468
24469
24470
24472
24478
24482
24483
24489
24495
24496
24498
24511
24512
24514
24518
24520
24521
24522
24528
24530
24535
24542
24547
24548
24550
24551
24554
24555
24558
24559
24571
24574
24575
24577
24578
24579
24580
24583
24585
24588
24589
24592
24598
24604
24605
24606
24609
24613
24614
24615
24616
24619
24622
24631
24638
24641
24644
24648
24650
24652
24653
24656
24658
24661
24665
24669
24671
24672
24676
24682
24685
24689
24694
24697
24701
24705
24708
24709
24714
24715
24717
24722
24723
24724
24727
24728
24729
24730
24731
24733
24735
24736
24739
24740
24744
24745
24747
24750
24751
24756
24758
24760
24761
24764
24778
24781
24782
24787
24791
24792
24798
24799
24803
24804
24806
24814
24816
24819
24821
24823
24824
24829
24830
24835
24836
24837
24838
24843
24850
24851
24853
24857
24859
24860
24861
24862
24863
24867
24871
24875
24876
24877
24878
24879
24880
24881
24882
24885
24886
24894
24895
24897
24900
24903
24905
24913
24914
24916
24918
24919
24924
24925
24926
24928
24931
24935
24936
24937
24941
24942
24945
24946
24949
24952
24958
24959
24961
24962
24979
24980
24983
24985
24986
24987
24991
24992
24996
25001
25007
25008
25009
25016
25024
25026
25027
25030
25032
25033
25034
25039
25040
25049
25050
25052
25058
25059
25068
25072
25075
25076
25077
25079
25082
25083
25088
25089
25091
25092
25097
25098
25104
25105
25107
25111
25113
25119
25121
25123
25126
25127
25133
25136
25145
25154
25155
25157
25158
25159
25160
25161
25162
25168
25170
25174
25177
25178
25181
25183
25184
25185
25186
25187
25189
25194
25196
25197
25200
25201
25207
25208
25211
25214
25215
25216
25217
25220
25224
25229
25237
25238
25239
25245
25251
25254
25256
25257
25258
25259
25260
25261
25265
25271
25272
25283
25285
25286
25292
25294
25296
25297
25298
25301
25308
25310
25311
25313
25317
25318
25320
25322
25324
25329
25330
25336
25340
25341
25342
25347
25348
25349
25352
25361
25362
25367
25373
25377
25379
25380
25384
25386
25394
25396
25397
25399
25402
25403
25405
25410
25413
25414
25421
25422
25423
25427
25431
25434
25436
25439
25441
25443
25446
25447
25450
25451
25453
25456
25465
25471
25483
25485
25493
25494
25500
25501
25511
25513
25516
25519
25524
25525
25528
25529
25531
25533
25540
25543
25546
25550
25551
25552
25553
25555
25556
25557
25559
25562
25564
25572
25580
25585
25587
25589
25599
25604
25609
25610
25611
25617
25618
25622
25623
25629
25634
25637
25638
25640
25644
25649
25653
25654
25658
25660
25668
25671
25674
25675
25681
25683
25684
25685
25691
25692
25695
25697
25698
25705
25708
25711
25713
25714
25718
25719
25726
25729
25731
25732
25737
25741
25747
25750
25751
25753
25754
25756
25758
25759
25760
25763
25765
25766
25768
25771
25772
25779
25785
25786
25788
25790
25792
25797
25804
25805
25810
25815
25817
25826
25827
25828
25832
25835
25837
25839
25841
25844
25845
25849
25851
25854
25858
25860
25863
25867
25872
25873
25874
25875
25878
25882
25883
25884
25886
25888
25889
25895
25901
25905
25907
25911
25922
25924
25925
25933
25934
25935
25943
25946
25958
25969
25972
25975
25978
25980
25981
25983
25984
25988
25993
25994
25999
26000
26003
26006
26009
26013
26018
26025
26031
26032
26033
26034
26035
26039
26044
26051
26057
26062
26063
26064
26066
26067
26070
26071
26074
26079
26080
26087
26092
26093
26094
26098
26102
26105
26106
26112
26118
26119
26120
26121
26123
26132
26133
26136
26137
26142
26149
26151
26152
26154
26155
26157
26158
26163
26169
26170
26175
26177
26178
26180
26181
26182
26184
26186
26187
26189
26190
26198
26200
26201
26204
26205
26209
26210
26213
26214
26219
26221
26222
26223
26229
26230
26231
26233
26234
26235
26236
26238
26241
26242
26243
26244
26249
26257
26258
26277
26279
26283
26286
26288
26290
26295
26296
26298
26300
26301
26302
26303
26304
26307
26310
26311
26312
26315
26317
26323
26324
26325
26326
26329
26330
26331
26332
26340
26343
26345
26347
26350
26355
26368
26376
26378
26381
26383
26385
26386
26387
26389
26392
26397
26398
26407
26408
26409
26411
26414
26420
26424
26425
26427
26431
26433
26436
26439
26442
26446
26449
26451
26452
26454
26469
26470
26474
26481
26487
26488
26489
26494
26498
26502
26505
26510
26512
26513
26515
26516
26524
26538
26540
26542
26543
26544
26547
26549
26553
26554
26555
26556
26560
26561
26563
26566
26567
26575
26576
26577
26578
26579
26581
26584
26589
26591
26592
26593
26601
26603
26605
26607
26616
26617
26618
26621
26623
26626
26627
26629
26630
26635
26636
26638
26640
26641
26648
26649
26651
26654
26658
26662
26666
26667
26668
26674
26675
26676
26678
26681
26684
26688
26694
26699
26700
26713
26716
26717
26718
26719
26720
26722
26723
26724
26727
26730
26731
26732
26733
26735
26738
26739
26740
26744
26745
26749
26750
26755
26756
26759
26760
26761
26767
26768
26776
26780
26781
26790
26794
26801
26805
26807
26808
26812
26814
26815
26816
26820
26824
26827
26831
26832
26836
26840
26842
26846
26855
26860
26864
26869
26870
26871
26873
26874
26880
26881
26886
26887
26888
26893
26896
26897
26898
26906
26909
26910
26916
26926
26929
26930
26931
26938
26939
26941
26945
26948
26951
26956
26962
26963
26968
26974
26980
26988
26992
27008
27009
27015
27018
27020
27021
27022
27024
27026
27028
27033
27034
27039
27040
27043
27045
27051
27056
27058
27059
27060
27061
27066
27068
27072
27073
27076
27078
27079
27083
27087
27089
27094
27103
27104
27106
27111
27118
27119
27124
27128
27131
27137
27138
27139
27140
27142
27143
27144
27145
27146
27148
27156
27162
27165
27166
27170
27175
27178
27184
27186
27187
27190
27193
27196
27200
27206
27213
27215
27220
27223
27227
27230
27231
27236
27239
27240
27245
27249
27254
27255
27256
27257
27258
27260
27261
27262
27266
27274
27278
27279
27285
27289
27291
27294
27296
27299
27301
27304
27305
27309
27310
27311
27313
27315
27320
27322
27325
27327
27328
27330
27336
27337
27342
27343
27347
27351
27356
27362
27367
27373
27375
27376
27382
27385
27386
27396
27399
27402
27404
27406
27408
27413
27418
27419
27421
27425
27432
27433
27435
27436
27437
27440
27442
27443
27449
27451
27453
27457
27461
27465
27472
27477
27478
27479
27481
27484
27487
27491
27497
27499
27501
27502
27503
27505
27508
27512
27516
27525
27527
27528
27531
27533
27535
27539
27541
27544
27546
27547
27551
27552
27553
27558
27559
27568
27575
27580
27581
27583
27584
27588
27589
27592
27593
27594
27596
27597
27599
27600
27609
27617
27620
27623
27624
27625
27629
27632
27636
27637
27641
27644
27645
27646
27649
27652
27653
27655
27669
27670
27673
27683
27685
27695
27699
27702
27705
27707
27710
27714
27716
27720
27721
27722
27723
27729
27730
27731
27735
27738
27746
27747
27749
27751
27754
27758
27764
27767
27769
27770
27772
27773
27779
27780
27785
27789
27797
27798
27801
27804
27809
27812
27814
27817
27820
27822
27825
27826
27831
27832
27838
27842
27843
27844
27846
27847
27853
27854
27855
27858
27860
27861
27862
27867
27868
27870
27874
27875
27877
27878
27884
27886
27887
27889
27890
27893
27894
27897
27898
27912
27916
27919
27921
27922
27923
27924
27925
27927
27929
27931
27932
27935
27942
27943
27944
27949
27952
27956
27959
27961
27962
27963
27964
27965
27970
27976
27978
27979
27985
27986
27988
27990
27992
27993
27997
27999
28000
28002
28014
28015
28016
28017
28021
28026
28029
28030
28036
28045
28047
28060
28061
28064
28065
28067
28069
28072
28075
28081
28083
28085
28086
28088
28092
28093
28094
28097
28099
28106
28109
28112
28117
28118
28127
28128
28131
28145
28147
28149
28156
28158
28162
28169
28170
28176
28178
28182
28183
28184
28187
28191
28196
28197
28198
28200
28208
28211
28213
28218
28219
28224
28228
28234
28235
28239
28240
28243
28245
28248
28249
28250
28251
28253
28256
28257
28258
28259
28260
28263
28264
28266
28267
28271
28272
28273
28274
28275
28283
28288
28303
28305
28308
28309
28311
28314
28324
28332
28335
28339
28340
28344
28346
28347
28356
28363
28364
28366
28370
28372
28373
28375
28378
28379
28380
28381
28383
28384
28386
28388
28389
28390
28394
28395
28398
28399
28409
28412
28415
28417
28420
28422
28426
28433
28438
28454
28462
28464
28470
28472
28473
28480
28481
28482
28483
28490
28495
28496
28497
28500
28501
28504
28506
28509
28516
28517
28518
28519
28523
28524
28528
28530
28531
28533
28534
28535
28539
28541
28542
28544
28546
28547
28548
28550
28551
28553
28558
28559
28562
28563
28564
28575
28579
28584
28586
28590
28594
28595
28596
28599
28601
28602
28613
28614
28618
28621
28622
28625
28636
28638
28645
28647
28649
28653
28654
28656
28663
28666
28668
28671
28672
28673
28674
28678
28680
28683
28684
28685
28686
28688
28692
28697
28698
28700
28708
28710
28711
28717
28726
28728
28730
28732
28735
28738
28741
28742
28743
28746
28748
28749
28751
28762
28766
28767
28768
28773
28774
28775
28777
28785
28794
28795
28796
28801
28802
28806
28807
28812
28814
28818
28822
28828
28833
28837
28839
28841
28847
28848
28854
28857
28858
28872
28873
28874
28875
28878
28882
28884
28890
28895
28897
28901
28906
28912
28915
28916
28922
28927
28931
28932
28933
28934
28936
28937
28938
28944
28946
28956
28958
28963
28964
28965
28967
28974
28978
28979
28982
28987
28989
28993
28994
28996
28997
29001
29008
29009
29010
29012
29014
29021
29025
29027
29028
29031
29036
29043
29047
29051
29052
29055
29056
29058
29059
29060
29062
29064
29067
29068
29069
29071
29074
29077
29080
29082
29091
29097
29098
29100
29104
29107
29110
29112
29113
29115
29119
29121
29122
29123
29126
29129
29130
29133
29136
29137
29139
29140
29141
29143
29144
29145
29150
29151
29156
29157
29163
29168
29170
29174
29177
29182
29185
29186
29187
29190
29194
29196
29197
29198
29204
29206
29208
29217
29219
29221
29227
29232
29233
29235
29238
29239
29240
29243
29244
29246
29250
29251
29255
29257
29259
29261
29265
29268
29269
29270
29274
29277
29281
29282
29287
29294
29296
29298
29305
29307
29309
29312
29313
29314
29316
29318
29319
29322
29333
29335
29336
29338
29340
29345
29347
29348
29354
29357
29358
29361
29362
29363
29365
29369
29377
29380
29384
29386
29390
29398
29399
29401
29406
29409
29415
29420
29429
29430
29431
29433
29436
29438
29439
29443
29446
29447
29448
29449
29453
29456
29466
29467
29469
29477
29484
29492
29494
29498
29502
29503
29506
29509
29511
29517
29519
29520
29522
29523
29524
29527
29528
29529
29537
29540
29541
29542
29545
29546
29548
29553
29556
29558
29561
29568
29569
29574
29581
29583
29586
29589
29591
29594
29597
29598
29602
29610
29616
29619
29637
29638
29639
29652
29653
29656
29658
29659
29660
29661
29667
29668
29671
29674
29683
29684
29689
29690
29693
29694
29695
29696
29698
29699
29701
29702
29703
29706
29707
29708
29710
29711
29713
29718
29722
29729
29735
29737
29738
29742
29743
29746
29750
29751
29752
29759
29762
29765
29777
29783
29785
29791
29793
29800
29805
29806
29809
29811
29813
29814
29817
29818
29819
29820
29824
29833
29834
29836
29839
29841
29846
29847
29855
29862
29867
29871
29874
29876
29878
29879
29881
29882
29883
29889
29891
29892
29896
29899
29913
29915
29922
29925
29928
29929
29934
29937
29945
29946
29949
29950
29951
29952
29959
29960
29962
29965
29968
29970
29972
29976
29978
29979
29981
29984
29994
29996
30000
30001
30002
30003
30004
30009
30015
30016
30017
30025
30031
30032
30038
30045
30047
30051
30052
30053
30055
30060
30064
30068
30077
30078
30079
30082
30083
30085
30086
30089
30098
30112
30123
30133
30134
30144
30153
30158
30160
30165
30166
30179
30181
30182
30190
30191
30202
30203
30206
30207
30223
30224
30225
30229
30233
30236
30243
30245
30246
30248
30249
30251
30255
30257
30259
30262
30265
30269
30273
30289
30291
30292
30293
30295
30297
30300
30301
30303
30305
30309
30314
30316
30324
30325
30330
30334
30338
30343
30344
30345
30350
30353
30356
30365
30366
30367
30368
30370
30373
30377
30381
30386
30393
30396
30397
30398
30402
30403
30407
30412
30417
30431
30432
30435
30441
30443
30453
30459
30460
30464
30466
30476
30478
30486
30491
30492
30499
30500
30501
30503
30506
30508
30512
30514
30517
30518
30521
30528
30530
30532
30533
30538
30539
30540
30545
30550
30554
30557
30564
30565
30569
30572
30573
30577
30583
30587
30589
30592
30594
30595
30602
30604
30606
30612
30620
30621
30622
30623
30630
30631
30638
30639
30654
30655
30661
30664
30665
30667
30670
30677
30683
30685
30689
30692
30694
30710
30711
30714
30715
30716
30717
30719
30722
30734
30736
30737
30742
30743
30746
30747
30748
30751
30753
30755
30756
30762
30764
30765
30766
30767
30772
30773
30774
30775
30777
30778
30783
30787
30803
30807
30810
30815
30816
30829
30833
30837
30840
30844
30849
30853
30857
30858
30861
30862
30868
30869
30870
30872
30875
30876
30880
30881
30887
30890
30893
30910
30913
30915
30920
30922
30923
30924
30926
30928
30934
30936
30937
30938
30940
30945
30953
30955
30956
30957
30963
30964
30967
30971
30972
30975
30978
30981
30986
30991
30992
30993
30999
31004
31006
31007
31008
31011
31012
31015
31020
31035
31036
31040
31041
31042
31046
31054
31063
31066
31067
31073
31078
31083
31090
31091
31094
31096
31098
31100
31106
31109
31110
31111
31117
31120
31123
31126
31129
31130
31134
31135
31138
31140
31141
31144
31147
31150
31155
31156
31157
31158
31159
31161
31162
31171
31173
31180
31183
31190
31191
31194
31199
31200
31205
31206
31207
31215
31216
31217
31222
31237
31241
31242
31246
31247
31253
31258
31259
31261
31269
31270
31272
31273
31274
31276
31277
31278
31280
31283
31284
31285
31287
31289
31293
31302
31304
31306
31309
31310
31316
31317
31318
31319
31320
31321
31322
31324
31327
31328
31331
31332
31334
31345
31346
31348
31352
31353
31355
31357
31367
31375
31378
31387
31388
31390
31396
31397
31399
31401
31402
31414
31416
31420
31427
31430
31438
31444
31445
31448
31453
31454
31457
31460
31463
31466
31469
31475
31476
31488
31491
31499
31500
31501
31502
31503
31506
31507
31508
31509
31511
31516
31522
31529
31532
31544
31549
31557
31562
31566
31574
31576
31578
31581
31584
31585
31589
31590
31591
31595
31596
31597
31599
31601
31602
31603
31605
31609
31610
31616
31618
31619
31622
31624
31625
31630
31633
31638
31642
31643
31645
31647
31650
31652
31656
31658
31659
31662
31667
31669
31678
31683
31685
31687
31690
31697
31699
31700
31702
31703
31709
31714
31715
31718
31720
31729
31733
31734
31735
31736
31737
31742
31745
31746
31747
31750
31754
31756
31758
31766
31772
31777
31780
31788
31789
31790
31793
31795
31796
31807
31811
31813
31814
31824
31825
31827
31833
31836
31837
31839
31845
31848
31858
31862
31867
31868
31869
31875
31876
31878
31881
31883
31891
31892
31894
31895
31898
31899
31900
31903
31912
31922
31924
31925
31929
31933
31935
31939
31940
31944
31946
31948
31952
31957
31959
31960
31967
31970
31983
31986
31988
31990
31991
31994
31997
32000
32002
32004
32005
32022
32024
32027
32031
32036
32038
32040
32042
32045
32048
32049
32052
32054
32057
32059
32061
32064
32068
32069
32080
32082
32084
32085
32087
32092
32096
32097
32106
32111
32113
32116
32117
32125
32127
32131
32135
32138
32139
32141
32142
32147
32149
32150
32157
32162
32167
32168
32173
32176
32177
32181
32183
32184
32188
32192
32198
32200
32209
32211
32213
32217
32218
32220
32222
32225
32230
32241
32244
32247
32252
32253
32258
32260
32263
32265
32268
32269
32281
32283
32289
32292
32293
32294
32300
32301
32303
32304
32312
32320
32323
32326
32327
32337
32339
32340
32342
32346
32354
32358
32359
32362
32363
32364
32366
32368
32371
32376
32377
32381
32383
32386
32389
32399
32404
32406
32411
32418
32421
32429
32433
32435
32438
32440
32442
32443
32448
32449
32451
32452
32453
32456
32457
32458
32461
32462
32463
32468
32475
32478
32481
32482
32484
32486
32487
32490
32493
32499
32500
32505
32507
32517
32519
32530
32533
32534
32535
32537
32539
32541
32545
32547
32566
32567
32570
32572
32573
32575
32579
32587
32591
32598
32599
32608
32617
32619
32627
32633
32640
32648
32651
32652
32656
32659
32662
32670
32677
32679
32681
32688
32690
32703
32705
32706
32712
32717
32718
32724
32725
32726
32727
32731
32734
32740
32753
32755
32757
32764
32774
32776
32778
32786
32789
32790
32791
32796
32799
32801
32803
32808
32811
32815
32819
32830
32834
32836
32838
32840
32844
32853
32856
32859
32861
32863
32866
32867
32868
32870
32873
32874
32876
32877
32878
32879
32881
32882
32890
32891
32893
32895
32900
32902
32905
32906
32907
32911
32912
32913
32914
32917
32920
32927
32930
32938
32939
32944
32952
32953
32955
32960
32963
32965
32966
32971
32975
32977
32978
32984
32992
32996
32999
33000
33002
33004
33014
33017
33020
33024
33033
33038
33041
33042
33048
33050
33053
33055
33057
33062
33063
33067
33072
33075
33078
33080
33084
33087
33092
33094
33097
33099
33106
33111
33112
33114
33116
33123
33124
33144
33145
33148
33152
33153
33156
33159
33161
33165
33167
33169
33174
33175
33176
33182
33184
33187
33188
33192
33195
33197
33201
33211
33217
33220
33221
33225
33227
33232
33236
33237
33242
33244
33247
33250
33256
33263
33265
33266
33270
33272
33282
33287
33288
33289
33290
33295
33297
33298
33308
33315
33316
33319
33323
33325
33326
33330
33338
33341
33342
33349
33354
33356
33359
33361
33363
33365
33368
33370
33371
33372
33377
33378
33380
33384
33387
33391
33394
33398
33404
33409
33415
33416
33430
33437
33440
33446
33447
33453
33454
33457
33459
33462
33463
33469
33471
33477
33481
33486
33489
33490
33496
33500
33501
33502
33504
33506
33511
33516
33530
33537
33542
33544
33545
33546
33547
33549
33550
33551
33556
33559
33562
33566
33567
33574
33578
33579
33583
33586
33591
33599
33603
33605
33607
33609
33613
33615
33619
33622
33624
33625
33627
33631
33644
33645
33648
33649
33653
33654
33657
33659
33661
33663
33666
33669
33673
33674
33675
33679
33681
33685
33690
33693
33696
33697
33698
33699
33702
33703
33704
33707
33709
33712
33715
33716
33721
33722
33723
33731
33735
33736
33740
33746
33751
33752
33755
33759
33762
33763
33778
33779
33780
33782
33783
33785
33788
33791
33795
33806
33813
33815
33818
33820
33821
33823
33824
33827
33830
33833
33836
33837
33841
33845
33846
33847
33849
33850
33868
33876
33878
33881
33883
33885
33889
33892
33894
33904
33906
33912
33913
33920
33922
33923
33926
33940
33941
33945
33946
33947
33948
33951
33954
33956
33963
33966
33967
33968
33972
33973
33975
33978
33983
33984
33987
33995
34000
34001
34019
34025
34029
34036
34044
34049
34052
34053
34058
34061
34062
34066
34069
34070
34071
34072
34079
34083
34089
34091
34095
34097
34100
34103
34105
34108
34111
34112
34113
34121
34126
34127
34133
34140
34143
34145
34147
34148
34155
34156
34157
34158
34160
34163
34168
34176
34189
34191
34195
34207
34208
34209
34216
34218
34219
34220
34221
34226
34228
34229
34231
34237
34238
34243
34244
34257
34262
34263
34267
34271
34279
34282
34287
34291
34293
34294
34297
34301
34304
34307
34309
34311
34314
34315
34319
34320
34323
34326
34329
34334
34336
34340
34342
34345
34346
34347
34349
34350
34352
34356
34357
34358
34359
34361
34365
34376
34377
34382
34388
34393
34395
34396
34400
34404
34406
34408
34415
34417
34420
34421
34424
34438
34441
34442
34443
34448
34450
34455
34456
34459
34464
34472
34473
34476
34477
34478
34481
34483
34487
34488
34491
34493
34496
34500
34505
34506
34507
34510
34511
34512
34513
34516
34517
34529
34530
34534
34536
34545
34549
34555
34557
34558
34563
34564
34565
34573
34589
34591
34601
34602
34606
34610
34619
34621
34623
34631
34638
34639
34641
34651
34656
34658
34661
34663
34669
34671
34683
34687
34693
34695
34697
34701
34703
34704
34707
34710
34712
34714
34716
34717
34719
34724
34730
34732
34734
34737
34742
34747
34749
34758
34760
34761
34765
34766
34767
34769
34778
34782
34788
34789
34791
34793
34794
34796
34802
34811
34816
34817
34819
34821
34829
34831
34835
34840
34842
34843
34845
34847
34851
34855
34856
34857
34858
34859
34861
34864
34873
34878
34881
34884
34889
34895
34897
34898
34900
34902
34903
34906
34909
34911
34913
34919
34928
34931
34932
34933
34935
34941
34943
34944
34955
34958
34959
34960
34962
34970
34972
34975
34976
34979
34984
34990
34992
34995
35005
35006
35010
35012
35017
35025
35026
35031
35032
35033
35049
35058
35060
35061
35063
35069
35073
35078
35084
35086
35088
35091
35092
35097
35098
35105
35108
35109
35110
35114
35116
35119
35121
35122
35123
35125
35129
35132
35133
35135
35143
35144
35147
35155
35157
35159
35160
35162
35164
35174
35176
35177
35186
35189
35191
35192
35197
35201
35202
35205
35206
35207
35209
35211
35213
35214
35219
35220
35226
35237
35242
35246
35253
35259
35260
35263
35264
35273
35276
35280
35283
35289
35290
35292
35298
35299
35302
35305
35314
35318
35326
35328
35332
35333
35334
35338
35341
35342
35344
35345
35346
35348
35349
35354
35357
35361
35367
35368
35370
35371
35373
35377
35379
35381
35383
35386
35390
35400
35410
35411
35413
35416
35417
35420
35423
35427
35430
35433
35438
35443
35449
35450
35451
35457
35462
35465
35466
35468
35470
35474
35479
35481
35485
35494
35499
35504
35509
35510
35511
35513
35515
35523
35524
35527
35531
35532
35534
35540
35547
35549
35553
35555
35558
35561
35562
35564
35565
35570
35573
35574
35579
35581
35588
35590
35592
35593
35596
35600
35601
35602
35620
35626
35628
35640
35643
35645
35649
35661
35667
35671
35672
35679
35685
35686
35688
35689
35697
35714
35717
35719
35720
35725
35732
35745
35752
35753
35756
35758
35760
35766
35772
35773
35774
35775
35778
35779
35780
35784
35786
35796
35800
35801
35802
35807
35815
35822
35833
35835
35836
35839
35840
35843
35846
35856
35858
35869
35871
35875
35877
35881
35882
35884
35891
35893
35897
35907
35909
35913
35917
35920
35926
35933
35938
35954
35956
35957
35960
35962
35963
35971
35974
35976
35978
35981
35985
35988
35997
36000
36002
36003
36006
36014
36015
36019
36024
36026
36031
36033
36036
36041
36048
36049
36050
36058
36059
36062
36063
36072
36077
36078
36079
36083
36090
36096
36107
36111
36112
36114
36121
36123
36129
36137
36146
36147
36149
36156
36159
36160
36161
36162
36169
36173
36181
36186
36187
36189
36192
36203
36204
36211
36213
36214
36220
36221
36223
36227
36242
36243
36251
36253
36260
36264
36265
36266
36281
36284
36294
36295
36296
36306
36311
36314
36318
36326
36329
36332
36333
36335
36338
36339
36347
36348
36354
36356
36359
36362
36365
36368
36370
36371
36378
36386
36393
36398
36400
36403
36404
36406
36408
36417
36418
36421
36424
36426
36427
36428
36443
36446
36456
36461
36463
36467
36475
36476
36484
36489
36495
36501
36504
36506
36508
36511
36517
36519
36521
36525
36531
36535
36543
36549
36551
36561
36566
36568
36575
36576
36580
36586
36589
36594
36598
36602
36603
36604
36608
36609
36611
36614
36618
36621
36622
36623
36626
36631
36633
36648
36652
36653
36661
36662
36663
36664
36674
36677
36678
36679
36682
36685
36686
36689
36694
36695
36701
36711
36712
36722
36727
36736
36745
36746
36747
36750
36752
36753
36758
36764
36765
36777
36778
36781
36789
36795
36800
36805
36806
36808
36809
36815
36831
36832
36840
36856
36861
36864
36866
36874
36879
36889
36893
36899
36901
36906
36907
36909
36910
36914
36920
36921
36922
36924
36925
36926
36935
36943
36958
36964
36966
36967
36968
36970
36971
36974
36984
36989
36991
36993
36995
36997
37001
37003
37004
37005
37007
37008
37010
37018
37023
37025
37030
37036
37039
37040
37041
37042
37049
37051
37052
37053
37056
37070
37081
37082
37086
37092
37098
37100
37101
37110
37115
37117
37119
37121
37122
37125
37129
37131
37132
37133
37134
37138
37141
37143
37145
37146
37158
37159
37164
37165
37167
37168
37178
37183
37184
37190
37194
37205
37206
37208
37212
37214
37218
37220
37224
37226
37227
37229
37230
37233
37234
37236
37243
37244
37247
37249
37250
37252
37253
37256
37258
37263
37264
37269
37273
37285
37287
37288
37290
37297
37301
37315
37317
37318
37326
37327
37331
37332
37333
37336
37346
37367
37374
37376
37391
37393
37398
37401
37402
37403
37413
37416
37421
37428
37429
37432
37434
37436
37441
37446
37452
37455
37459
37464
37465
37467
37468
37475
37478
37480
37482
37485
37486
37487
37490
37491
37497
37503
37506
37508
37510
37512
37513
37517
37519
37520
37521
37522
37524
37527
37529
37534
37537
37538
37539
37541
37548
37552
37557
37558
37565
37568
37572
37573
37574
37580
37583
37590
37591
37592
37595
37596
37598
37600
37601
37602
37605
37607
37609
37615
37617
37618
37625
37630
37633
37634
37638
37642
37648
37652
37664
37679
37680
37683
37685
37688
37696
37707
37709
37736
37741
37752
37754
37755
37756
37760
37762
37767
37773
37785
37786
37792
37799
37803
37804
37805
37807
37808
37809
37842
37845
37846
37853
37856
37857
37860
37861
37862
37865
37869
37871
37872
37873
37874
37876
37877
37882
37884
37891
37909
37921
37929
37930
37934
37935
37941
37943
37947
37949
37951
37953
37957
37960
37963
37967
37968
37977
37979
37985
37986
37992
37999
38001
38007
38012
38017
38023
38025
38026
38031
38032
38033
38035
38037
38053
38059
38064
38065
38074
38078
38087
38090
38096
38097
38099
38109
38111
38113
38114
38124
38129
38138
38140
38143
38144
38154
38158
38163
38166
38169
38170
38172
38178
38180
38188
38189
38190
38191
38198
38208
38209
38210
38212
38224
38227
38230
38233
38234
38235
38237
38238
38244
38246
38247
38255
38263
38273
38277
38286
38294
38300
38307
38310
38314
38315
38320
38339
38340
38347
38350
38351
38353
38354
38355
38360
38364
38365
38369
38372
38392
38394
38399
38400
38405
38407
38411
38413
38415
38416
38418
38420
38432
38436
38437
38445
38448
38454
38455
38458
38459
38460
38462
38463
38470
38471
38472
38484
38487
38496
38498
38503
38507
38509
38517
38519
38523
38525
38528
38529
38530
38532
38537
38541
38543
38544
38546
38547
38564
38576
38578
38581
38585
38595
38601
38603
38604
38612
38616
38618
38619
38630
38631
38638
38640
38641
38644
38647
38652
38657
38659
38660
38661
38666
38667
38669
38670
38672
38680
38681
38682
38689
38700
38702
38705
38707
38708
38711
38712
38724
38732
38742
38743
38747
38749
38751
38754
38761
38768
38770
38776
38778
38783
38787
38788
38795
38797
38800
38801
38807
38809
38810
38812
38814
38822
38826
38828
38836
38845
38848
38849
38852
38858
38860
38861
38863
38866
38868
38884
38902
38906
38914
38917
38918
38923
38928
38931
38935
38939
38945
38952
38953
38955
38961
38964
38965
38974
38985
38990
38998
39001
39002
39009
39012
39016
39020
39027
39031
39035
39040
39045
39046
39048
39054
39056
39058
39067
39069
39080
39087
39088
39090
39093
39098
39100
39120
39123
39126
39129
39131
39134
39143
39145
39150
39157
39166
39176
39179
39182
39184
39191
39200
39201
39210
39212
39215
39216
39220
39222
39224
39227
39232
39236
39242
39246
39248
39249
39256
39257
39259
39261
39273
39274
39275
39279
39281
39287
39289
39292
39293
39300
39308
39310
39312
39318
39319
39321
39322
39323
39324
39325
39327
39330
39335
39336
39339
39347
39349
39355
39356
39358
39363
39370
39371
39374
39379
39381
39384
39387
39388
39393
39397
39398
39399
39408
39409
39412
39419
39420
39423
39424
39427
39432
39437
39441
39447
39450
39452
39453
39457
39460
39465
39477
39479
39480
39484
39486
39487
39488
39489
39490
39495
39508
39515
39524
39525
39528
39529
39531
39534
39541
39542
39553
39560
39569
39570
39592
39596
39597
39598
39607
39612
39618
39619
39620
39621
39622
39623
39624
39626
39629
39638
39641
39648
39651
39653
39655
39659
39664
39665
39681
39682
39684
39689
39690
39691
39693
39700
39707
39711
39712
39713
39714
39718
39722
39724
39725
39728
39733
39739
39744
39751
39755
39756
39764
39767
39768
39769
39770
39771
39774
39775
39776
39781
39786
39789
39792
39793
39802
39804
39811
39812
39828
39832
39833
39843
39844
39849
39871
39875
39876
39877
39885
39887
39893
39903
39907
39913
39914
39915
39918
39921
39928
39932
39939
39941
39943
39945
39949
39951
39952
39955
39956
39958
39959
39960
39965
39970
39972
39977
39978
39983
39984
39985
39988
39996
39997
40010
40013
40022
40032
40035
40043
40048
40051
40052
40053
40058
40061
40063
40067
40069
40075
40082
40096
40101
40103
40107
40109
40113
40120
40123
40124
40126
40129
40132
40139
40142
40143
40150
40151
40157
40160
40165
40167
40172
40175
40179
40181
40187
40191
40196
40197
40199
40203
40206
40213
40214
40215
40222
40227
40229
40231
40234
40244
40245
40246
40247
40250
40252
40254
40255
40263
40268
40274
40278
40282
40287
40292
40294
40295
40302
40309
40311
40315
40324
40331
40338
40342
40344
40347
40349
40350
40361
40362
40363
40364
40366
40373
40374
40376
40377
40380
40381
40385
40389
40393
40394
40395
40397
40398
40408
40411
40414
40415
40417
40424
40425
40431
40434
40435
40438
40439
40444
40449
40461
40463
40465
40466
40475
40496
40502
40503
40509
40543
40544
40550
40551
40554
40556
40561
40562
40573
40576
40577
40580
40582
40583
40585
40587
40594
40600
40608
40621
40622
40629
40633
40636
40649
40652
40654
40655
40656
40659
40660
40664
40665
40668
40673
40675
40676
40681
40685
40686
40687
40690
40693
40705
40712
40713
40714
40716
40724
40726
40727
40732
40733
40737
40741
40744
40745
40747
40749
40751
40753
40759
40771
40773
40775
40786
40791
40797
40798
40805
40812
40814
40822
40826
40828
40835
40852
40853
40856
40858
40867
40872
40879
40884
40886
40889
40891
40892
40900
40902
40904
40915
40919
40932
40933
40936
40941
40943
40949
40955
40962
40984
40990
40996
40997
40999
41001
41008
41019
41020
41021
41025
41028
41032
41040
41044
41052
41054
41055
41057
41058
41067
41075
41077
41078
41085
41092
41099
41101
41106
41110
41117
41118
41119
41124
41126
41148
41149
41150
41158
41159
41173
41182
41183
41199
41201
41204
41215
41217
41224
41231
41238
41242
41243
41248
41250
41254
41255
41258
41261
41262
41268
41269
41271
41272
41273
41280
41281
41285
41299
41302
41303
41304
41305
41307
41313
41316
41319
41320
41321
41322
41330
41332
41333
41334
41337
41338
41353
41355
41357
41360
41365
41368
41369
41376
41391
41397
41398
41404
41407
41408
41412
41417
41423
41427
41430
41435
41446
41449
41451
41460
41461
41464
41467
41472
41479
41481
41486
41491
41494
41495
41499
41501
41508
41512
41513
41514
41516
41517
41520
41523
41524
41526
41528
41529
41532
41533
41535
41537
41540
41548
41552
41556
41557
41562
41565
41566
41571
41577
41579
41580
41582
41584
41587
41596
41597
41598
41602
41603
41604
41613
41616
41633
41637
41638
41640
41655
41657
41661
41666
41667
41672
41673
41677
41685
41690
41691
41700
41705
41706
41720
41721
41733
41742
41743
41744
41749
41752
41756
41758
41767
41771
41772
41774
41778
41786
41787
41793
41799
41804
41806
41819
41824
41828
41830
41831
41834
41835
41838
41853
41857
41858
41867
41869
41872
41873
41875
41879
41880
41886
41892
41896
41909
41916
41926
41936
41939
41940
41941
41942
41952
41959
41961
41966
41968
41970
41984
41988
41989
41998
41999
42000
42001
42004
42024
42030
42031
42040
42041
42046
42047
42053
42056
42058
42060
42061
42064
42070
42074
42075
42076
42079
42084
42085
42087
42094
42101
42103
42115
42119
42120
42125
42127
42129
42131
42136
42143
42146
42149
42151
42159
42165
42166
42172
42175
42182
42186
42192
42206
42207
42208
42213
42215
42232
42239
42243
42247
42253
42255
42257
42258
42267
42270
42271
42274
42276
42280
42281
42286
42290
42293
42295
42296
42297
42299
42300
42305
42308
42311
42325
42329
42332
42334
42337
42347
42350
42352
42355
42356
42358
42362
42364
42368
42374
42375
42380
42381
42389
42391
42398
42402
42405
42407
42409
42410
42411
42412
42414
42426
42435
42437
42445
42459
42463
42478
42481
42488
42489
42498
42501
42515
42519
42523
42525
42527
42528
42544
42552
42555
42557
42559
42561
42562
42563
42565
42570
42572
42574
42583
42585
42587
42597
42605
42608
42611
42614
42616
42617
42618
42625
42626
42630
42632
42635
42640
42657
42659
42663
42664
42665
42666
42668
42670
42688
42690
42691
42693
42698
42699
42700
42706
42708
42709
42712
42715
42716
42718
42719
42729
42737
42738
42740
42742
42743
42746
42754
42757
42770
42772
42782
42800
42811
42813
42825
42827
42828
42831
42843
42846
42849
42856
42859
42862
42864
42865
42871
42876
42878
42896
42912
42914
42924
42926
42937
42950
42951
42956
42957
42960
42966
42967
42969
42970
42971
42976
42981
42982
42988
42989
42990
42992
42995
42997
43003
43007
43024
43029
43031
43034
43035
43036
43044
43048
43058
43060
43063
43066
43068
43075
43077
43079
43091
43101
43102
43103
43104
43108
43109
43115
43122
43125
43128
43135
43138
43143
43150
43151
43163
43164
43168
43169
43173
43178
43184
43188
43190
43191
43193
43195
43199
43203
43205
43209
43210
43213
43220
43223
43225
43226
43235
43241
43243
43249
43250
43253
43255
43256
43257
43259
43262
43267
43275
43276
43279
43280
43286
43293
43300
43302
43304
43307
43311
43313
43318
43320
43323
43327
43332
43336
43344
43348
43352
43353
43354
43360
43364
43365
43371
43372
43375
43377
43378
43379
43385
43390
43397
43403
43404
43413
43419
43426
43427
43431
43438
43439
43440
43445
43447
43453
43454
43456
43463
43465
43466
43476
43488
43489
43493
43494
43496
43502
43504
43506
43510
43515
43519
43520
43521
43522
43525
43526
43529
43530
43533
43534
43535
43538
43539
43540
43544
43546
43552
43553
43554
43555
43561
43562
43570
43574
43587
43591
43592
43594
43599
43604
43605
43607
43611
43612
43616
43623
43624
43630
43632
43635
43637
43647
43648
43667
43672
43692
43694
43698
43700
43702
43707
43710
43714
43715
43718
43726
43727
43736
43741
43742
43748
43754
43756
43760
43765
43771
43775
43801
43807
43809
43819
43820
43822
43825
43828
43831
43850
43856
43865
43866
43867
43869
43871
43872
43878
43880
43881
43884
43885
43888
43889
43892
43901
43905
43927
43938
43948
43956
43957
43958
43964
43969
43970
43971
43977
43983
43991
43992
43998
44002
44010
44015
44016
44019
44021
44022
44024
44031
44038
44039
44040
44041
44042
44044
44049
44053
44059
44065
44069
44071
44073
44074
44077
44085
44088
44090
44099
44106
44108
44110
44113
44116
44117
44120
44122
44123
44125
44126
44129
44132
44134
44141
44147
44149
44152
44153
44155
44158
44160
44161
44164
44172
44173
44174
44175
44176
44181
44184
44186
44192
44194
44207
44208
44214
44215
44216
44227
44237
44244
44249
44250
44258
44259
44263
44267
44269
44271
44274
44275
44279
44280
44295
44296
44297
44300
44301
44308
44310
44313
44317
44320
44323
44325
44327
44338
44351
44356
44359
44360
44361
44363
44370
44371
44377
44389
44390
44391
44394
44396
44399
44400
44406
44407
44422
44425
44431
44435
44442
44445
44452
44455
44456
44457
44459
44472
44477
44483
44491
44493
44503
44504
44506
44515
44521
44527
44529
44530
44532
44534
44546
44555
44557
44564
44575
44576
44579
44587
44594
44596
44599
44600
44601
44603
44604
44605
44610
44611
44612
44614
44618
44619
44620
44622
44627
44630
44633
44635
44637
44639
44642
44644
44657
44665
44667
44670
44675
44678
44684
44689
44692
44694
44697
44701
44704
44708
44710
44711
44723
44733
44737
44741
44742
44746
44749
44757
44760
44761
44762
44763
44764
44765
44768
44775
44783
44784
44785
44786
44793
44797
44820
44821
44823
44834
44842
44848
44849
44853
44857
44861
44868
44879
44880
44881
44887
44892
44897
44901
44902
44903
44905
44906
44908
44910
44916
44919
44922
44924
44925
44927
44928
44939
44941
44942
44943
44945
44946
44961
44967
44968
44970
44972
44973
44975
44989
44993
44994
44995
44996
44998
45002
45007
45014
45023
45029
45032
45040
45041
45044
45065
45074
45076
45081
45084
45091
45101
45104
45105
45109
45110
45115
45119
45124
45130
45136
45140
45149
45154
45162
45165
45173
45183
45184
45187
45188
45192
45214
45223
45227
45231
45234
45236
45240
45242
45247
45257
45258
45259
45261
45263
45273
45276
45279
45281
45284
45290
45294
45296
45297
45298
45299
45303
45304
45307
45313
45315
45325
45326
45331
45338
45341
45344
45351
45352
45354
45362
45370
45382
45383
45389
45390
45396
45397
45399
45401
45403
45407
45413
45415
45418
45426
45427
45436
45440
45449
45463
45466
45467
45471
45472
45477
45478
45484
45486
45489
45490
45505
45508
45509
45517
45518
45521
45522
45525
45526
45527
45528
45532
45537
45540
45545
45553
45559
45561
45563
45568
45575
45577
45578
45581
45587
45589
45592
45593
45598
45602
45606
45610
45611
45614
45615
45618
45623
45633
45638
45642
45650
45654
45655
45663
45675
45679
45680
45685
45693
45695
45698
45702
45703
45720
45721
45724
45727
45730
45741
45746
45749
45754
45758
45769
45772
45784
45792
45798
45802
45811
45813
45816
45832
45834
45839
45849
45856
45862
45868
45874
45879
45883
45884
45890
45894
45899
45904
45912
45913
45917
45925
45927
45929
45931
45936
45937
45939
45940
45945
45947
45951
45954
45955
45956
45961
45963
45966
45971
45975
45976
45979
45983
45987
45988
45990
45992
45995
45999
46000
46004
46005
46010
46025
46029
46038
46047
46048
46049
46054
46062
46063
46070
46075
46076
46077
46078
46090
46093
46098
46101
46103
46104
46105
46111
46113
46121
46122
46126
46132
46133
46144
46147
46154
46178
46185
46188
46189
46198
46204
46205
46212
46216
46221
46223
46225
46227
46231
46232
46236
46248
46258
46260
46264
46265
46266
46268
46276
46292
46296
46298
46301
46302
46310
46317
46330
46333
46336
46340
46341
46344
46356
46358
46359
46365
46370
46372
46373
46374
46384
46389
46392
46397
46401
46402
46403
46412
46422
46424
46425
46430
46431
46434
46435
46437
46441
46452
46454
46455
46456
46457
46461
46462
46468
46470
46472
46473
46474
46483
46485
46499
46504
46506
46509
46510
46516
46517
46519
46529
46534
46535
46540
46544
46560
46563
46565
46566
46567
46578
46579
46586
46596
46597
46602
46604
46605
46607
46620
46621
46624
46629
46630
46633
46637
46640
46641
46643
46648
46651
46653
46655
46657
46672
46674
46676
46681
46686
46687
46703
46707
46713
46719
46721
46723
46726
46728
46730
46749
46752
46753
46759
46761
46763
46776
46779
46780
46781
46793
46805
46806
46814
46818
46822
46825
46835
46839
46849
46852
46859
46862
46865
46870
46876
46878
46886
46892
46893
46895
46917
46920
46921
46929
46930
46933
46939
46942
46952
46953
46959
46967
46975
46984
46985
46987
47004
47005
47024
47029
47036
47044
47048
47053
47057
47061
47072
47074
47075
47079
47084
47086
47089
47098
47100
47102
47105
47111
47117
47124
47129
47130
47137
47141
47142
47143
47146
47151
47156
47157
47158
47177
47181
47186
47191
47198
47205
47209
47210
47211
47219
47224
47227
47229
47230
47231
47237
47239
47243
47264
47270
47271
47275
47277
47282
47286
47292
47296
47300
47305
47307
47308
47311
47314
47318
47320
47322
47332
47333
47336
47340
47343
47344
47346
47350
47351
47358
47364
47372
47376
47378
47383
47388
47391
47398
47407
47409
47411
47414
47416
47418
47429
47440
47442
47446
47451
47455
47457
47459
47461
47465
47466
47470
47474
47475
47476
47478
47480
47481
47485
47486
47487
47491
47500
47507
47508
47511
47512
47514
47519
47521
47526
47529
47531
47534
47543
47554
47561
47568
47579
47583
47589
47594
47613
47614
47615
47616
47631
47638
47646
47647
47648
47651
47656
47657
47667
47679
47680
47687
47695
47699
47700
47708
47715
47718
47723
47727
47742
47748
47752
47763
47764
47765
47774
47777
47779
47784
47794
47796
47800
47806
47808
47812
47821
47826
47833
47843
47845
47850
47866
47869
47882
47900
47901
47905
47906
47907
47909
47912
47915
47919
47923
47924
47926
47935
47940
47946
47950
47953
47956
47962
47963
47964
47969
47984
47989
47990
48001
48019
48022
48028
48037
48038
48041
48043
48044
48045
48046
48049
48051
48054
48062
48064
48067
48069
48072
48077
48078
48079
48082
48085
48087
48093
48095
48110
48113
48118
48119
48122
48125
48128
48129
48130
48136
48141
48142
48159
48162
48163
48174
48179
48181
48187
48189
48191
48192
48193
48198
48206
48208
48216
48221
48225
48229
48231
48236
48239
48243
48246
48248
48253
48265
48268
48270
48271
48280
48287
48292
48294
48297
48298
48300
48306
48310
48311
48313
48315
48323
48324
48327
48332
48333
48334
48337
48339
48340
48348
48349
48350
48359
48361
48362
48365
48368
48372
48377
48379
48387
48395
48398
48404
48406
48409
48414
48421
48426
48436
48437
48439
48446
48449
48459
48476
48477
48488
48492
48497
48506
48511
48515
48517
48519
48521
48526
48527
48532
48539
48553
48554
48555
48558
48559
48560
48565
48571
48574
48576
48577
48595
48599
48600
48601
48602
48609
48611
48613
48631
48632
48637
48639
48646
48647
48649
48650
48660
48663
48668
48671
48672
48675
48678
48680
48688
48693
48697
48698
48706
48708
48715
48720
48722
48724
48726
48728
48733
48735
48745
48751
48753
48755
48756
48761
48769
48771
48772
48773
48776
48777
48782
48787
48790
48791
48794
48796
48799
48800
48807
48810
48812
48813
48815
48817
48819
48821
48826
48830
48838
48841
48842
48850
48860
48866
48876
48894
48895
48896
48898
48899
48900
48912
48925
48928
48935
48958
48962
48968
48974
48994
48998
48999
49009
49017
49022
49032
49036
49039
49054
49057
49063
49074
49083
49087
49089
49096
49104
49105
49109
49110
49111
49114
49115
49116
49124
49125
49132
49138
49144
49148
49149
49155
49158
49160
49161
49164
49169
49174
49178
49181
49190
49192
49198
49205
49207
49209
49211
49212
49213
49230
49233
49238
49241
49242
49246
49247
49250
49254
49255
49256
49257
49261
49266
49268
49269
49272
49287
49288
49297
49308
49310
49314
49318
49322
49324
49329
49333
49337
49341
49345
49350
49351
49356
49361
49368
49370
49377
49378
49380
49385
49388
49395
49397
49398
49405
49407
49412
49413
49414
49418
49419
49424
49426
49431
49435
49436
49442
49454
49458
49459
49461
49469
49471
49477
49483
49489
49490
49493
49494
49498
49499
49510
49512
49515
49517
49519
49520
49521
49522
49524
49525
49528
49541
49549
49552
49558
49559
49576
49578
49579
49581
49589
49594
49598
49603
49610
49616
49617
49625
49628
49632
49633
49640
49644
49646
49649
49654
49657
49662
49666
49674
49675
49681
49684
49687
49690
49691
49695
49705
49714
49721
49722
49728
49732
49742
49744
49748
49758
49759
49766
49767
49774
49782
49785
49788
49790
49791
49793
49795
49798
49801
49811
49814
49818
49834
49839
49841
49846
49851
49854
49863
49867
49871
49875
49877
49879
49883
49887
49889
49895
49903
49910
49915
49918
49922
49923
49927
49930
49934
49939
49940
49942
49944
49950
49957
49972
49977
49986
49995
49999
50008
50009
50023
50025
50027
50028
50033
50053
50056
50058
50061
50069
50071
50072
50073
50082
50085
50092
50094
50096
50098
50099
50100
50104
50109
50114
50116
50117
50126
50128
50134
50142
50144
50156
50158
50159
50163
50165
50167
50171
50172
50173
50175
50177
50183
50190
50192
50194
50198
50223
50224
50230
50232
50239
50242
50247
50248
50250
50251
50252
50256
50262
50267
50269
50276
50278
50289
50290
50311
50312
50315
50319
50320
50324
50328
50336
50352
50354
50355
50357
50365
50372
50373
50384
50397
50402
50407
50411
50420
50437
50438
50442
50447
50454
50462
50463
50465
50469
50477
50486
50489
50496
50505
50510
50518
50520
50523
50524
50543
50545
50547
50549
50556
50565
50566
50578
50589
50591
50596
50598
50602
50608
50612
50619
50621
50636
50637
50644
50648
50651
50654
50658
50662
50665
50666
50673
50674
50679
50680
50683
50684
50687
50689
50694
50696
50706
50708
50711
50719
50725
50728
50733
50734
50735
50741
50750
50751
50755
50757
50765
50776
50781
50782
50786
50790
50796
50797
50807
50808
50811
50813
50814
50817
50822
50824
50837
50844
50850
50851
50855
50856
50860
50878
50884
50885
50892
50910
50915
50923
50934
50935
50937
50947
50948
50958
50967
50968
50975
50979
50982
50987
50989
50992
50998
51002
51008
51011
51018
51019
51021
51027
51034
51035
51037
51040
51041
51045
51047
51048
51049
51051
51057
51068
51070
51074
51076
51079
51081
51090
51091
51093
51095
51096
51104
51106
51109
51115
51120
51123
51126
51127
51138
51139
51146
51147
51154
51157
51160
51166
51175
51177
51180
51186
51188
51189
51190
51194
51197
51199
51200
51207
51209
51220
51226
51228
51229
51234
51236
51237
51238
51253
51254
51255
51262
51267
51268
51270
51275
51282
51288
51290
51292
51300
51301
51305
51312
51315
51327
51330
51339
51342
51343
51352
51362
51374
51386
51398
51408
51411
51414
51418
51419
51421
51423
51426
51430
51436
51443
51444
51448
51450
51451
51457
51468
51470
51473
51474
51479
51480
51483
51486
51489
51502
51506
51521
51527
51530
51542
51546
51549
51553
51559
51570
51573
51576
51577
51579
51580
51583
51585
51586
51589
51590
51594
51595
51605
51607
51609
51610
51618
51622
51629
51641
51642
51643
51649
51659
51664
51668
51682
51690
51694
51695
51699
51700
51701
51702
51703
51706
51708
51710
51716
51717
51723
51729
51733
51737
51742
51743
51744
51753
51758
51759
51760
51762
51766
51778
51779
51780
51790
51800
51801
51802
51803
51804
51807
51810
51814
51829
51833
51835
51841
51852
51855
51857
51862
51864
51867
51877
51880
51883
51889
51891
51906
51909
51912
51915
51919
51923
51927
51930
51935
51937
51939
51950
51954
51958
51960
51963
51964
51974
51975
51979
51989
51994
51996
52006
52009
52012
52029
52030
52038
52040
52042
52048
52050
52052
52062
52063
52071
52074
52076
52087
52100
52102
52104
52105
52106
52110
52111
52120
52123
52132
52135
52141
52143
52146
52149
52150
52173
52180
52189
52190
52197
52198
52200
52201
52203
52204
52208
52209
52214
52216
52219
52228
52243
52245
52246
52249
52255
52257
52262
52265
52275
52278
52284
52288
52290
52296
52298
52301
52307
52313
52320
52322
52337
52339
52343
52350
52352
52359
52361
52363
52370
52375
52384
52389
52401
52408
52411
52412
52414
52420
52424
52432
52447
52451
52453
52456
52460
52461
52466
52468
52469
52478
52481
52487
52506
52507
52508
52509
52512
52528
52532
52536
52539
52542
52545
52555
52571
52576
52579
52589
52591
52592
52603
52607
52610
52620
52621
52625
52629
52636
52647
52649
52656
52659
52660
52664
52666
52669
52671
52676
52680
52683
52686
52694
52695
52696
52699
52700
52707
52710
52711
52726
52731
52745
52749
52751
52753
52754
52759
52762
52773
52775
52779
52783
52792
52793
52797
52799
52802
52806
52808
52810
52811
52816
52818
52819
52823
52828
52829
52840
52847
52848
52851
52852
52866
52868
52871
52875
52877
52884
52885
52890
52891
52892
52894
52895
52896
52900
52908
52915
52920
52921
52928
52949
52950
52952
52954
52962
52967
52970
52972
52976
52977
52988
52989
52990
52991
52999
53004
53005
53007
53009
53016
53017
53021
53023
53025
53026
53033
53045
53048
53053
53056
53060
53065
53073
53075
53082
53084
53085
53087
53090
53099
53107
53112
53114
53119
53120
53124
53127
53135
53136
53148
53151
53156
53158
53160
53163
53164
53172
53180
53188
53193
53199
53201
53208
53211
53223
53228
53239
53243
53246
53250
53251
53263
53267
53269
53274
53276
53279
53280
53282
53296
53305
53317
53320
53321
53325
53327
53330
53332
53342
53343
53347
53350
53351
53355
53356
53360
53373
53379
53380
53382
53385
53392
53399
53408
53410
53412
53414
53424
53428
53443
53454
53455
53460
53470
53472
53474
53480
53482
53486
53487
53488
53495
53496
53508
53510
53515
53528
53529
53535
53550
53553
53558
53563
53564
53576
53577
53578
53586
53590
53597
53599
53602
53610
53622
53623
53631
53633
53635
53641
53643
53651
53654
53656
53678
53693
53718
53721
53725
53730
53734
53736
53738
53744
53745
53749
53751
53757
53777
53781
53782
53793
53802
53807
53815
53816
53818
53823
53830
53831
53832
53838
53840
53843
53851
53855
53862
53864
53865
53872
53875
53881
53884
53885
53890
53895
53902
53906
53907
53910
53912
53916
53930
53932
53934
53936
53938
53940
53941
53943
53948
53950
53952
53958
53973
53982
53987
53988
53989
54002
54005
54013
54014
54023
54025
54028
54029
54035
54038
54039
54041
54044
54046
54048
54049
54052
54055
54057
54060
54061
54079
54082
54092
54093
54099
54100
54112
54114
54116
54118
54120
54123
54125
54126
54129
54131
54135
54143
54148
54152
54159
54165
54174
54188
54191
54194
54197
54198
54202
54206
54211
54221
54226
54227
54232
54234
54237
54249
54252
54255
54258
54260
54262
54265
54272
54273
54274
54277
54280
54283
54289
54290
54294
54297
54298
54299
54302
54303
54315
54328
54329
54332
54333
54338
54341
54343
54348
54350
54354
54362
54368
54370
54371
54381
54382
54387
54388
54389
54404
54406
54408
54410
54419
54421
54430
54437
54447
54449
54455
54462
54464
54467
54479
54485
54507
54511
54524
54532
54537
54539
54541
54544
54547
54560
54562
54570
54575
54580
54582
54585
54588
54593
54603
54607
54621
54623
54627
54632
54634
54654
54657
54658
54661
54667
54671
54672
54676
54688
54690
54695
54697
54702
54708
54709
54710
54716
54717
54733
54740
54744
54749
54755
54759
54763
54770
54772
54773
54776
54780
54783
54784
54787
54791
54793
54805
54811
54813
54814
54815
54818
54820
54825
54832
54833
54836
54841
54842
54843
54847
54848
54856
54863
54864
54870
54871
54872
54878
54881
54882
54888
54895
54897
54901
54905
54919
54927
54929
54940
54941
54942
54954
54955
54967
54978
54981
54983
54989
54992
54994
55021
55023
55030
55034
55038
55040
55041
55049
55057
55063
55068
55083
55084
55085
55087
55095
55097
55107
55126
55141
55147
55154
55157
55178
55184
55190
55191
55202
55206
55211
55224
55225
55226
55236
55237
55245
55246
55255
55262
55265
55266
55279
55281
55285
55289
55293
55306
55309
55311
55312
55314
55315
55325
55327
55328
55333
55346
55350
55352
55353
55359
55369
55383
55384
55387
55389
55397
55418
55419
55422
55428
55432
55433
55434
55435
55441
55444
55447
55449
55457
55462
55467
55472
55474
55483
55485
55487
55491
55500
55505
55520
55523
55525
55529
55530
55548
55549
55552
55556
55561
55565
55568
55578
55580
55582
55585
55592
55598
55602
55616
55622
55625
55627
55630
55634
55642
55645
55646
55648
55655
55659
55663
55668
55682
55683
55689
55691
55692
55697
55702
55707
55710
55716
55722
55732
55733
55734
55742
55755
55758
55764
55775
55778
55780
55786
55789
55798
55806
55811
55817
55822
55827
55834
55835
55838
55839
55844
55849
55857
55862
55867
55872
55876
55879
55882
55883
55884
55885
55888
55889
55890
55895
55897
55905
55910
55915
55923
55925
55930
55931
55933
55938
55943
55951
55953
55960
55971
55982
55987
55998
56009
56010
56011
56016
56022
56023
56027
56029
56030
56032
56033
56040
56041
56044
56045
56052
56067
56074
56081
56088
56091
56093
56095
56098
56100
56102
56114
56115
56162
56166
56168
56169
56179
56187
56199
56202
56209
56213
56218
56220
56225
56229
56237
56242
56244
56249
56250
56252
56254
56266
56268
56282
56285
56292
56294
56301
56302
56303
56309
56311
56326
56332
56338
56339
56344
56351
56357
56365
56370
56383
56384
56397
56400
56403
56409
56411
56414
56421
56424
56427
56431
56433
56438
56444
56448
56450
56455
56456
56459
56465
56466
56471
56477
56479
56484
56486
56504
56506
56508
56513
56516
56521
56533
56535
56541
56557
56561
56562
56566
56578
56586
56590
56592
56593
56594
56598
56603
56605
56608
56611
56612
56613
56621
56622
56625
56632
56641
56645
56650
56669
56671
56675
56681
56687
56691
56696
56703
56705
56707
56708
56710
56712
56715
56719
56722
56737
56742
56744
56767
56784
56791
56797
56803
56809
56819
56824
56825
56826
56827
56829
56831
56837
56842
56847
56850
56854
56876
56881
56882
56889
56892
56898
56899
56904
56905
56909
56912
56914
56917
56924
56937
56943
56948
56950
56951
56958
56963
56966
56972
56974
56977
56981
56983
56984
56987
56994
57004
57007
57015
57025
57026
57027
57030
57036
57040
57045
57051
57057
57059
57079
57080
57083
57092
57096
57109
57113
57121
57127
57130
57139
57140
57141
57142
57151
57160
57168
57169
57175
57187
57193
57200
57208
57210
57217
57222
57223
57225
57229
57239
57243
57244
57251
57255
57256
57263
57265
57272
57275
57276
57277
57281
57283
57290
57291
57292
57297
57301
57310
57315
57322
57324
57328
57333
57338
57341
57350
57351
57354
57361
57366
57372
57375
57379
57387
57393
57401
57402
57407
57424
57441
57444
57445
57454
57459
57463
57470
57481
57484
57488
57494
57500
57510
57530
57531
57537
57541
57553
57554
57555
57561
57563
57565
57569
57571
57583
57590
57591
57595
57596
57597
57611
57619
57621
57634
57645
57651
57652
57653
57654
57657
57658
57662
57678
57682
57688
57689
57694
57700
57702
57703
57710
57721
57734
57736
57739
57744
57745
57749
57750
57751
57756
57760
57767
57773
57774
57776
57778
57781
57783
57784
57786
57791
57792
57793
57795
57811
57812
57813
57815
57818
57824
57829
57837
57842
57846
57855
57867
57870
57873
57875
57878
57881
57883
57887
57889
57901
57906
57916
57919
57922
57930
57934
57935
57943
57955
57956
57957
57958
57963
57970
57985
57986
57994
57998
58001
58003
58011
58014
58016
58019
58026
58030
58043
58051
58052
58059
58063
58071
58079
58081
58084
58096
58103
58107
58109
58114
58118
58119
58126
58128
58131
58132
58134
58135
58137
58140
58153
58155
58156
58158
58161
58169
58175
58180
58186
58187
58191
58197
58203
58205
58208
58219
58226
58233
58237
58238
58239
58241
58242
58245
58246
58249
58254
58258
58268
58273
58276
58280
58281
58287
58288
58290
58298
58299
58300
58301
58307
58311
58315
58324
58332
58334
58335
58343
58351
58352
58353
58356
58371
58374
58378
58380
58394
58412
58415
58416
58418
58428
58430
58435
58442
58444
58450
58452
58460
58471
58472
58511
58517
58518
58522
58528
58531
58532
58533
58537
58538
58546
58551
58553
58559
58560
58565
58567
58568
58569
58584
58590
58596
58608
58609
58615
58616
58620
58621
58623
58624
58633
58636
58643
58665
58674
58675
58689
58693
58700
58706
58714
58718
58720
58721
58735
58739
58740
58758
58769
58770
58782
58791
58808
58809
58810
58812
58816
58820
58823
58828
58836
58841
58843
58846
58855
58862
58865
58870
58883
58884
58902
58904
58911
58912
58913
58924
58929
58931
58934
58937
58939
58940
58961
58964
58969
58971
58973
58979
58981
58983
58987
58991
58993
59007
59009
59012
59016
59017
59042
59043
59046
59047
59051
59052
59060
59063
59064
59081
59083
59084
59089
59095
59100
59102
59115
59122
59126
59127
59128
59141
59143
59145
59149
59153
59171
59172
59175
59176
59183
59186
59190
59195
59197
59200
59214
59218
59225
59230
59232
59243
59246
59252
59254
59258
59259
59260
59277
59280
59281
59297
59316
59318
59323
59328
59333
59340
59349
59350
59351
59360
59362
59371
59378
59379
59389
59401
59402
59404
59406
59407
59409
59415
59417
59420
59423
59432
59439
59440
59445
59450
59453
59454
59457
59462
59463
59464
59465
59468
59473
59476
59489
59498
59499
59505
59506
59507
59510
59513
59514
59516
59527
59532
59535
59536
59539
59546
59549
59550
59551
59552
59555
59556
59559
59563
59564
59573
59574
59575
59579
59587
59588
59590
59593
59594
59597
59600
59602
59609
59615
59616
59627
59636
59641
59654
59657
59661
59664
59665
59669
59674
59676
59681
59692
59695
59700
59704
59707
59709
59712
59725
59738
59744
59749
59754
59757
59762
59764
59768
59773
59774
59777
59779
59780
59781
59789
59794
59795
59805
59808
59813
59817
59819
59823
59826
59827
59828
59829
59843
59844
59853
59856
59857
59859
59865
59869
59878
59883
59892
59896
59901
59905
59908
59909
59931
59939
59941
59944
59946
59950
59954
59961
59962
59965
59968
59971
59976
59979
59986
59988
59993
59997
60002
60004
60009
60012
60030
60046
60052
60056
60068
60072
60077
60082
60084
60087
60092
60095
60096
60110
60112
60113
60118
60122
60125
60133
60137
60140
60142
60149
60151
60165
60182
60193
60198
60199
60206
60210
60213
60219
60224
60230
60240
60249
60258
60261
60263
60270
60272
60273
60289
60293
60297
60301
60303
60305
60320
60324
60327
60334
60347
60348
60360
60362
60376
60381
60390
60392
60396
60397
60401
60402
60403
60404
60407
60408
60410
60414
60417
60422
60423
60424
60427
60430
60441
60444
60446
60448
60449
60453
60465
60472
60476
60490
60492
60493
60517
60518
60527
60529
60531
60538
60539
60546
60548
60549
60557
60568
60571
60574
60575
60583
60584
60586
60589
60600
60601
60602
60605
60610
60617
60618
60624
60625
60629
60630
60636
60637
60639
60641
60643
60658
60662
60667
60668
60671
60672
60673
60676
60678
60679
60681
60683
60689
60690
60692
60703
60709
60710
60713
60737
60738
60739
60755
60758
60760
60764
60768
60774
60775
60781
60784
60792
60795
60797
60802
60809
60817
60818
60824
60830
60835
60848
60850
60853
60855
60857
60862
60865
60874
60875
60878
60888
60892
60907
60908
60917
60920
60922
60925
60926
60929
60935
60937
60940
60945
60950
60973
60990
60991
61006
61014
61015
61018
61023
61034
61043
61046
61047
61048
61051
61058
61060
61072
61074
61076
61079
61083
61088
61090
61099
61103
61110
61112
61123
61125
61128
61129
61130
61132
61137
61139
61140
61141
61145
61146
61152
61155
61158
61159
61165
61166
61174
61176
61178
61179
61181
61189
61198
61224
61233
61234
61236
61243
61245
61247
61248
61252
61256
61263
61265
61268
61282
61287
61298
61300
61309
61310
61315
61327
61329
61333
61337
61343
61344
61345
61349
61355
61360
61363
61371
61373
61376
61377
61384
61385
61390
61396
61397
61401
61410
61415
61422
61427
61430
61434
61440
61444
61450
61467
61470
61472
61485
61487
61488
61494
61502
61506
61508
61516
61521
61525
61529
61534
61535
61537
61538
61539
61552
61562
61565
61573
61592
61596
61598
61599
61602
61613
61614
61622
61627
61634
61644
61645
61659
61660
61662
61663
61664
61666
61675
61677
61680
61681
61683
61685
61686
61696
61697
61698
61705
61708
61721
61722
61732
61734
61737
61742
61744
61746
61778
61790
61792
61797
61798
61804
61813
61814
61816
61825
61826
61829
61830
61844
61845
61850
61856
61867
61868
61873
61874
61875
61881
61882
61884
61885
61886
61887
61888
61893
61894
61897
61905
61906
61908
61912
61916
61918
61921
61924
61925
61927
61930
61934
61943
61964
61965
61971
61972
61983
61985
61986
61990
61997
61998
62005
62008
62010
62016
62044
62048
62052
62067
62068
62071
62075
62079
62081
62082
62083
62091
62097
62098
62116
62119
62121
62148
62157
62160
62169
62170
62172
62174
62178
62180
62182
62183
62194
62195
62202
62210
62211
62212
62214
62230
62239
62244
62254
62257
62260
62265
62273
62275
62278
62279
62303
62306
62307
62311
62317
62319
62322
62323
62327
62332
62333
62338
62340
62347
62349
62386
62387
62395
62401
62402
62407
62408
62421
62423
62428
62430
62435
62437
62446
62447
62453
62455
62473
62477
62485
62490
62503
62504
62506
62507
62510
62512
62541
62551
62560
62564
62567
62577
62588
62591
62595
62605
62620
62621
62624
62627
62631
62638
62646
62665
62668
62672
62678
62682
62689
62693
62695
62698
62713
62717
62724
62739
62740
62743
62746
62751
62753
62769
62773
62775
62776
62781
62793
62795
62797
62800
62802
62805
62807
62809
62814
62816
62820
62826
62827
62834
62836
62851
62853
62856
62861
62866
62876
62879
62880
62881
62885
62893
62896
62899
62903
62912
62915
62927
62929
62931
62936
62937
62941
62973
62974
62984
62987
62988
62991
62998
63008
63009
63013
63016
63022
63023
63024
63025
63026
63030
63037
63055
63058
63063
63076
63081
63088
63091
63094
63108
63117
63118
63124
63140
63142
63156
63165
63167
63179
63183
63199
63202
63205
63211
63214
63215
63224
63229
63238
63241
63242
63256
63269
63272
63274
63276
63284
63294
63295
63305
63306
63308
63309
63315
63325
63329
63330
63333
63341
63346
63348
63355
63360
63365
63367
63368
63369
63377
63389
63391
63392
63393
63394
63405
63413
63428
63431
63434
63441
63445
63449
63456
63460
63463
63471
63476
63482
63487
63489
63499
63500
63505
63511
63515
63524
63531
63536
63541
63546
63554
63559
63571
63577
63586
63601
63602
63609
63612
63614
63625
63626
63635
63639
63640
63648
63649
63663
63666
63673
63674
63678
63679
63683
63684
63692
63695
63696
63700
63703
63705
63714
63719
63733
63734
63751
63758
63769
63781
63800
63814
63815
63831
63835
63836
63839
63841
63842
63858
63860
63863
63864
63865
63871
63876
63882
63884
63890
63898
63899
63908
63915
63919
63925
63930
63934
63947
63954
63963
63967
63972
63981
63993
64004
64007
64010
64011
64012
64018
64023
64028
64030
64034
64035
64039
64047
64048
64049
64055
64058
64065
64083
64089
64091
64093
64101
64103
64108
64114
64117
64119
64128
64134
64135
64138
64145
64154
64158
64160
64171
64176
64180
64181
64182
64189
64192
64196
64199
64202
64203
64211
64214
64217
64219
64227
64231
64241
64249
64253
64267
64281
64283
64286
64287
64290
64292
64312
64314
64322
64323
64334
64336
64348
64349
64355
64358
64370
64374
64376
64377
64380
64391
64399
64400
64401
64404
64409
64425
64427
64438
64441
64447
64448
64451
64456
64457
64459
64462
64472
64476
64497
64514
64515
64521
64526
64529
64537
64554
64557
64559
64560
64561
64564
64576
64580
64582
64594
64601
64604
64607
64612
64613
64614
64629
64634
64644
64653
64663
64664
64680
64687
64692
64697
64698
64704
64713
64725
64731
64732
64734
64743
64745
64746
64765
64774
64776
64783
64786
64788
64796
64798
64802
64804
64810
64814
64816
64825
64827
64828
64829
64833
64835
64838
64841
64850
64858
64877
64880
64894
64897
64899
64906
64911
64915
64917
64921
64927
64929
64931
64937
64947
64962
64970
64987
64998
65000
65003
65004
65009
65015
65016
65024
65026
65030
65035
65038
65047
65061
65066
65079
65084
65086
65087
65091
65092
65093
65095
65102
65104
65110
65111
65125
65129
65130
65131
65133
65134
65144
65161
65166
65168
65170
65172
65175
65182
65187
65191
65192
65195
65217
65219
65220
65224
65247
65250
65251
65253
65255
65258
65265
65266
65268
65269
65276
65278
65281
65284
65285
65288
65289
65291
65292
65303
65308
65311
65322
65327
65332
65334
65337
65341
65356
65362
65368
65374
65376
65378
65391
65406
65423
65427
65430
65431
65437
65438
65440
65453
65456
65464
65473
65475
65477
65479
65480
65488
65505
65508
65513
65516
65520
65530
65531
65534
65535
65543
65544
65545
65546
65550
65554
65559
65570
65575
65580
65591
65595
65597
65605
65633
65640
65645
65653
65655
65656
65659
65667
65679
65692
65696
65698
65708
65713
65730
65733
65743
65744
65752
65758
65769
65770
65777
65788
65789
65792
65798
65805
65807
65812
65816
65817
65819
65820
65830
65831
65833
65835
65841
65851
65856
65864
65869
65871
65873
65877
65885
65888
65889
65901
65914
65915
65935
65948
65958
65960
65963
65964
65970
65972
65975
65977
65981
65984
65988
65990
65991
66000
66008
66012
66014
66020
66023
66028
66041
66045
66051
66059
66066
66072
66075
66076
66077
66083
66089
66092
66094
66105
66118
66122
66123
66126
66133
66135
66141
66153
66159
66168
66173
66176
66188
66189
66193
66201
66205
66212
66215
66217
66225
66235
66239
66241
66246
66249
66250
66261
66274
66275
66276
66277
66278
66284
66295
66305
66309
66312
66317
66327
66339
66341
66342
66343
66347
66350
66352
66368
66370
66371
66376
66380
66384
66390
66391
66393
66405
66414
66417
66421
66428
66431
66438
66443
66453
66456
66458
66463
66467
66480
66485
66491
66497
66499
66502
66505
66506
66510
66515
66526
66544
66554
66557
66566
66583
66584
66588
66593
66596
66605
66615
66629
66638
66639
66645
66649
66650
66651
66654
66655
66657
66664
66670
66672
66685
66689
66696
66704
66706
66713
66717
66721
66728
66729
66739
66740
66742
66751
66774
66779
66786
66797
66805
66806
66809
66823
66831
66834
66842
66845
66854
66856
66871
66879
66883
66894
66899
66902
66908
66914
66918
66924
66925
66926
66936
66938
66940
66945
66946
66948
66958
66965
66971
66984
66986
66987
66989
67006
67009
67010
67014
67016
67019
67024
67031
67034
67036
67053
67066
67080
67081
67085
67094
67107
67110
67125
67126
67143
67147
67148
67149
67158
67159
67176
67184
67190
67191
67199
67202
67203
67204
67221
67230
67233
67246
67252
67264
67273
67287
67296
67301
67307
67309
67313
67340
67347
67348
67354
67355
67364
67365
67367
67372
67375
67379
67382
67383
67385
67398
67407
67408
67411
67413
67422
67432
67433
67437
67453
67462
67463
67466
67474
67477
67479
67484
67488
67495
67501
67509
67518
67534
67537
67541
67545
67546
67552
67557
67558
67562
67565
67566
67568
67573
67576
67577
67582
67589
67591
67592
67594
67596
67602
67603
67605
67606
67609
67618
67620
67625
67628
67630
67638
67642
67650
67657
67668
67669
67672
67676
67685
67686
67700
67703
67704
67705
67706
67724
67725
67728
67733
67744
67750
67751
67766
67780
67784
67789
67793
67797
67805
67811
67813
67836
67839
67851
67852
67853
67863
67864
67866
67890
67892
67897
67929
67935
67939
67942
67945
67947
67948
67949
67973
67977
67983
67990
67994
67996
68005
68006
68008
68028
68029
68030
68031
68032
68036
68049
68051
68061
68076
68082
68090
68098
68100
68103
68109
68116
68121
68125
68127
68128
68129
68133
68141
68144
68150
68155
68157
68161
68164
68175
68176
68177
68183
68194
68196
68201
68208
68210
68216
68217
68222
68227
68232
68233
68236
68243
68244
68247
68248
68251
68257
68264
68270
68279
68286
68291
68297
68300
68305
68316
68318
68320
68325
68339
68381
68388
68392
68393
68404
68406
68430
68433
68434
68435
68437
68438
68443
68446
68462
68488
68490
68507
68508
68512
68525
68536
68539
68548
68552
68559
68563
68571
68576
68581
68582
68585
68596
68598
68612
68614
68618
68625
68636
68651
68663
68664
68667
68668
68670
68672
68673
68689
68695
68712
68713
68715
68720
68723
68729
68730
68743
68745
68753
68767
68775
68783
68789
68790
68793
68799
68803
68804
68817
68819
68821
68833
68841
68844
68851
68853
68863
68891
68896
68900
68912
68923
68925
68930
68937
68945
68949
68956
68973
68977
68980
68983
68984
69011
69028
69048
69049
69053
69056
69066
69067
69082
69094
69097
69098
69103
69105
69108
69109
69118
69125
69140
69142
69143
69147
69149
69167
69171
69172
69173
69177
69193
69194
69195
69196
69203
69204
69215
69217
69221
69225
69232
69233
69235
69243
69244
69245
69247
69249
69265
69267
69292
69297
69309
69311
69314
69315
69316
69321
69336
69348
69354
69358
69360
69366
69367
69376
69382
69412
69418
69420
69430
69437
69440
69441
69444
69448
69476
69480
69482
69489
69491
69494
69496
69497
69505
69507
69508
69511
69520
69524
69527
69529
69539
69540
69551
69552
69553
69554
69560
69572
69579
69580
69581
69582
69584
69585
69587
69590
69602
69604
69613
69615
69632
69642
69643
69644
69650
69656
69658
69659
69662
69669
69679
69687
69690
69691
69698
69711
69712
69716
69718
69719
69726
69734
69739
69760
69763
69775
69780
69785
69791
69802
69805
69807
69813
69815
69820
69828
69833
69838
69839
69843
69849
69851
69852
69856
69857
69859
69869
69875
69878
69881
69891
69893
69894
69897
69902
69904
69908
69911
69913
69927
69939
69940
69943
69947
69952
69959
69964
69969
69977
69979
69982
69985
69992
69995
69997
69998
70002
70007
70013
70015
70017
70023
70024
70031
70033
70037
70038
70045
70061
70079
70082
70085
70088
70089
70133
70138
70139
70140
70157
70160
70167
70169
70170
70172
70174
70181
70184
70188
70189
70194
70195
70199
70206
70211
70220
70224
70229
70245
70248
70254
70255
70261
70266
70267
70268
70270
70277
70279
70290
70304
70309
70317
70320
70326
70327
70332
70334
70336
70340
70347
70351
70358
70361
70362
70376
70394
70400
70401
70404
70405
70407
70412
70413
70421
70423
70424
70428
70437
70440
70447
70451
70466
70467
70470
70472
70473
70486
70490
70496
70500
70504
70505
70510
70511
70513
70520
70534
70539
70541
70543
70549
70551
70561
70564
70573
70574
70578
70590
70599
70618
70631
70634
70641
70648
70653
70665
70672
70675
70681
70684
70708
70717
70731
70733
70747
70760
70764
70765
70770
70776
70791
70795
70809
70815
70818
70826
70830
70831
70835
70842
70845
70847
70853
70860
70865
70869
70872
70878
70880
70888
70897
70900
70901
70902
70904
70905
70907
70909
70910
70914
70926
70940
70941
70942
70943
70951
70961
70967
70979
70980
70981
70999
71020
71025
71029
71032
71040
71041
71042
71048
71051
71078
71082
71088
71098
71099
71105
71107
71112
71115
71116
71119
71120
71124
71127
71138
71147
71153
71154
71166
71167
71173
71175
71176
71180
71187
71188
71191
71198
71201
71204
71208
71212
71222
71229
71234
71239
71256
71262
71271
71277
71279
71284
71297
71312
71316
71318
71320
71323
71326
71332
71334
71341
71344
71348
71350
71352
71354
71355
71365
71373
71376
71377
71379
71380
71383
71396
71399
71400
71404
71409
71416
71418
71440
71444
71450
71453
71458
71469
71470
71478
71487
71488
71492
71497
71499
71502
71507
71508
71531
71532
71537
71540
71546
71550
71564
71569
71570
71574
71575
71586
71587
71588
71589
71601
71612
71630
71645
71653
71654
71660
71663
71673
71680
71690
71691
71693
71697
71698
71702
71708
71716
71721
71729
71736
71738
71739
71743
71747
71753
71757
71786
71794
71797
71807
71808
71810
71815
71850
71852
71853
71856
71871
71875
71892
71899
71900
71905
71909
71914
71916
71927
71935
71937
71946
71950
71965
71967
71971
71975
71977
71978
71980
71983
71984
71986
71987
71996
71999
72004
72006
72009
72010
72016
72026
72029
72031
72036
72042
72046
72050
72056
72065
72067
72069
72070
72071
72078
72091
72092
72097
72105
72113
72129
72133
72136
72140
72143
72144
72153
72154
72157
72160
72161
72166
72177
72178
72180
72191
72198
72206
72210
72211
72216
72233
72238
72249
72256
72257
72263
72265
72267
72282
72287
72288
72290
72292
72308
72310
72315
72325
72327
72340
72342
72344
72349
72350
72351
72358
72373
72378
72381
72382
72386
72388
72390
72401
72409
72411
72422
72423
72426
72431
72434
72437
72444
72456
72457
72458
72467
72474
72476
72478
72481
72482
72484
72501
72516
72531
72532
72534
72538
72541
72550
72554
72555
72558
72562
72566
72580
72581
72582
72585
72591
72601
72614
72616
72617
72629
72630
72631
72633
72636
72637
72638
72643
72644
72654
72656
72658
72660
72661
72662
72663
72665
72669
72677
72678
72687
72689
72691
72693
72695
72704
72712
72719
72720
72728
72735
72750
72756
72769
72770
72777
72802
72808
72814
72816
72821
72823
72844
72854
72858
72866
72867
72870
72873
72892
72898
72903
72908
72911
72917
72931
72943
72948
72954
72960
72961
72977
72983
72988
72991
72993
72995
72996
73000
73020
73025
73048
73049
73051
73060
73067
73071
73073
73074
73075
73079
73082
73085
73087
73088
73112
73115
73128
73150
73151
73163
73168
73170
73175
73177
73186
73199
73204
73207
73211
73218
73222
73235
73237
73242
73249
73250
73259
73264
73267
73273
73275
73297
73300
73303
73307
73311
73317
73322
73327
73336
73358
73359
73360
73361
73366
73369
73375
73382
73387
73392
73393
73395
73405
73418
73420
73427
73444
73448
73452
73456
73466
73469
73472
73479
73481
73489
73491
73516
73524
73530
73534
73540
73546
73553
73568
73573
73581
73583
73608
73614
73616
73619
73625
73634
73636
73639
73642
73646
73653
73655
73657
73661
73674
73682
73687
73688
73691
73692
73693
73709
73717
73726
73727
73729
73738
73741
73748
73751
73752
73766
73776
73778
73786
73798
73802
73805
73807
73808
73816
73819
73831
73835
73839
73845
73851
73854
73856
73860
73864
73871
73879
73881
73886
73893
73900
73915
73924
73936
73942
73948
73952
73957
73959
73961
73962
73982
73989
73994
73997
73999
74004
74007
74012
74015
74016
74022
74024
74036
74044
74045
74046
74051
74058
74064
74074
74075
74081
74084
74086
74099
74101
74113
74116
74119
74121
74127
74133
74134
74136
74160
74163
74168
74184
74191
74194
74199
74206
74241
74254
74268
74273
74276
74279
74287
74292
74295
74311
74314
74318
74321
74327
74329
74330
74332
74358
74361
74363
74375
74377
74379
74384
74385
74387
74394
74400
74402
74410
74416
74445
74459
74463
74467
74473
74483
74489
74512
74516
74518
74523
74530
74536
74558
74569
74578
74580
74582
74595
74599
74606
74608
74614
74622
74624
74625
74629
74631
74633
74638
74663
74672
74685
74692
74694
74705
74709
74715
74726
74738
74742
74744
74746
74754
74774
74792
74800
74804
74813
74819
74820
74822
74827
74828
74833
74834
74836
74841
74843
74847
74857
74861
74864
74867
74871
74873
74876
74891
74913
74918
74919
74929
74937
74938
74939
74951
74955
74958
74973
74988
74989
75010
75015
75020
75029
75038
75042
75051
75057
75077
75080
75081
75085
75088
75093
75094
75097
75106
75107
75109
75113
75127
75128
75154
75165
75167
75169
75170
75173
75178
75187
75193
75203
75204
75207
75215
75225
75226
75231
75235
75238
75247
75250
75251
75254
75256
75257
75262
75263
75265
75268
75270
75275
75276
75287
75296
75298
75300
75312
75317
75321
75325
75328
75331
75332
75344
75354
75369
75370
75377
75378
75384
75389
75407
75408
75409
75412
75417
75427
75430
75437
75452
75466
75472
75473
75474
75480
75484
75488
75490
75493
75502
75547
75560
75569
75573
75577
75583
75586
75588
75610
75611
75619
75629
75631
75633
75646
75650
75652
75654
75655
75660
75665
75666
75671
75680
75683
75684
75693
75709
75710
75712
75720
75723
75730
75736
75739
75742
75755
75760
75765
75792
75793
75798
75800
75801
75805
75808
75828
75836
75838
75847
75858
75860
75870
75874
75886
75891
75897
75899
75901
75906
75922
75923
75924
75927
75962
75964
75968
75976
75980
75988
75992
75998
76004
76005
76008
76009
76029
76038
76040
76044
76050
76058
76064
76073
76076
76079
76087
76089
76107
76109
76111
76122
76125
76132
76138
76146
76150
76151
76155
76157
76172
76173
76181
76183
76188
76192
76203
76205
76208
76209
76210
76217
76219
76221
76228
76236
76249
76260
76281
76294
76297
76300
76307
76314
76321
76323
76327
76330
76331
76337
76341
76345
76359
76361
76366
76368
76371
76372
76377
76381
76382
76386
76389
76406
76411
76430
76431
76436
76439
76446
76462
76466
76468
76470
76485
76494
76506
76514
76519
76527
76533
76536
76539
76543
76549
76550
76554
76555
76557
76559
76565
76578
76581
76594
76599
76609
76628
76632
76633
76641
76652
76657
76662
76663
76664
76665
76671
76686
76694
76701
76702
76707
76718
76719
76723
76746
76747
76750
76769
76770
76776
76778
76783
76786
76800
76801
76805
76808
76809
76820
76823
76841
76849
76852
76858
76867
76869
76870
76872
76875
76880
76888
76889
76897
76899
76901
76917
76920
76928
76930
76936
76942
76945
76955
76968
76973
76978
76994
76995
77003
77004
77015
77018
77019
77021
77026
77027
77033
77036
77040
77044
77049
77050
77052
77059
77071
77072
77078
77082
77093
77094
77112
77116
77118
77123
77124
77138
77143
77145
77148
77153
77155
77157
77165
77167
77184
77185
77190
77192
77203
77210
77212
77225
77226
77227
77228
77232
77239
77245
77248
77252
77271
77277
77280
77282
77285
77287
77288
77291
77300
77301
77303
77307
77309
77310
77311
77323
77331
77333
77334
77335
77336
77340
77348
77353
77354
77355
77363
77369
77372
77373
77398
77411
77415
77433
77443
77446
77447
77456
77465
77483
77500
77501
77503
77508
77512
77513
77515
77518
77522
77529
77533
77538
77542
77544
77545
77548
77563
77577
77584
77590
77599
77601
77608
77633
77649
77660
77666
77677
77680
77682
77685
77693
77697
77704
77708
77714
77715
77723
77726
77729
77731
77740
77746
77747
77750
77751
77752
77753
77760
77762
77763
77766
77774
77783
77792
77794
77795
77806
77811
77816
77844
77846
77858
77859
77867
77872
77874
77903
77906
77913
77918
77919
77933
77946
77949
77954
77960
77961
77963
77978
77991
78003
78004
78015
78020
78023
78026
78031
78036
78040
78046
78055
78063
78064
78067
78079
78086
78094
78097
78103
78104
78107
78117
78121
78127
78136
78146
78166
78173
78179
78195
78198
78214
78219
78232
78236
78241
78249
78253
78255
78260
78272
78287
78298
78299
78341
78343
78351
78366
78380
78390
78397
78406
78408
78421
78450
78451
78465
78466
78477
78478
78492
78505
78508
78513
78516
78525
78530
78531
78532
78533
78540
78542
78544
78548
78583
78592
78597
78599
78600
78602
78604
78610
78615
78620
78628
78631
78634
78658
78684
78689
78694
78727
78733
78739
78746
78756
78760
78770
78772
78785
78786
78789
78791
78802
78804
78813
78814
78820
78829
78855
78858
78859
78861
78866
78871
78876
78877
78886
78888
78889
78892
78897
78901
78904
78908
78923
78929
78934
78936
78945
78954
78955
78956
78962
78963
78970
78976
79004
79024
79026
79036
79038
79041
79062
79063
79073
79078
79086
79091
79092
79102
79103
79113
79120
79124
79137
79145
79173
79177
79180
79186
79192
79193
79216
79219
79222
79224
79225
79234
79242
79255
79260
79261
79272
79278
79287
79293
79302
79303
79308
79310
79316
79319
79332
79346
79352
79358
79364
79372
79376
79382
79391
79397
79398
79419
79430
79431
79435
79438
79441
79442
79445
79451
79452
79453
79462
79469
79471
79472
79478
79480
79481
79482
79497
79509
79512
79517
79518
79522
79523
79528
79529
79533
79540
79560
79562
79563
79568
79576
79581
79584
79594
79602
79606
79610
79628
79631
79636
79644
79659
79663
79672
79676
79681
79684
79685
79692
79694
79696
79700
79701
79703
79707
79720
79721
79729
79741
79743
79755
79765
79768
79774
79775
79776
79782
79791
79800
79805
79807
79810
79821
79828
79829
79830
79831
79850
79854
79856
79858
79860
79881
79885
79887
79888
79901
79919
79927
79933
79935
79946
79955
79961
79973
79980
79991
79996
80000
80008
80012
80018
80033
80047
80049
80055
80067
80084
80089
80104
80109
80113
80125
80134
80144
80145
80148
80150
80153
80165
80168
80174
80191
80205
80209
80219
80235
80239
80240
80241
80242
80246
80250
80253
80255
80259
80260
80268
80273
80277
80282
80291
80299
80314
80344
80351
80358
80359
80369
80371
80379
80381
80382
80385
80391
80403
80407
80409
80422
80425
80437
80438
80443
80459
80466
80467
80468
80473
80484
80485
80488
80495
80496
80498
80503
80519
80533
80545
80546
80556
80558
80560
80566
80567
80570
80572
80576
80591
80597
80598
80603
80606
80611
80623
80624
80625
80629
80654
80656
80664
80669
80681
80683
80689
80691
80697
80704
80724
80725
80729
80735
80736
80738
80743
80748
80749
80751
80758
80759
80760
80780
80784
80789
80796
80804
80806
80807
80813
80823
80824
80828
80829
80834
80838
80841
80846
80850
80858
80863
80868
80870
80874
80878
80884
80888
80889
80914
80925
80940
80961
80966
80978
80979
80986
80988
80990
80996
81004
81009
81015
81024
81031
81033
81038
81065
81070
81071
81078
81082
81084
81086
81092
81093
81107
81109
81120
81123
81124
81125
81151
81155
81161
81187
81198
81199
81200
81203
81204
81208
81215
81217
81221
81225
81235
81238
81242
81245
81251
81256
81259
81260
81261
81264
81275
81277
81279
81287
81295
81297
81305
81310
81326
81332
81335
81344
81345
81348
81357
81361
81364
81387
81394
81399
81409
81412
81417
81421
81424
81427
81428
81443
81459
81473
81482
81491
81492
81515
81517
81520
81523
81525
81529
81537
81541
81542
81564
81568
81582
81592
81597
81599
81604
81605
81614
81616
81625
81634
81635
81638
81655
81659
81665
81667
81696
81699
81700
81707
81709
81718
81719
81723
81725
81762
81766
81768
81783
81788
81790
81793
81796
81810
81813
81818
81827
81829
81834
81839
81842
81845
81847
81853
81857
81862
81864
81865
81869
81870
81871
81884
81885
81890
81891
81911
81932
81933
81942
81943
81950
81951
81960
81982
81989
81993
81995
82003
82024
82044
82047
82052
82053
82056
82057
82058
82061
82063
82066
82070
82074
82078
82084
82088
82090
82104
82111
82112
82117
82118
82119
82122
82131
82132
82136
82144
82147
82153
82155
82158
82166
82185
82186
82189
82195
82219
82220
82222
82224
82230
82236
82247
82254
82255
82272
82282
82284
82308
82310
82314
82317
82323
82341
82345
82358
82360
82363
82374
82381
82387
82414
82415
82419
82424
82427
82428
82433
82434
82440
82446
82455
82468
82487
82489
82490
82511
82512
82514
82517
82524
82533
82537
82540
82542
82543
82547
82552
82559
82562
82563
82568
82574
82576
82580
82592
82593
82598
82603
82615
82621
82626
82629
82633
82642
82653
82655
82658
82661
82662
82671
82678
82691
82714
82716
82721
82722
82735
82743
82746
82754
82755
82764
82766
82769
82783
82785
82787
82791
82798
82801
82803
82814
82816
82823
82828
82838
82841
82843
82866
82881
82882
82883
82892
82897
82901
82902
82907
82912
82928
82934
82940
82942
82943
82946
82962
82966
82972
82983
82986
82991
82994
82995
83012
83013
83014
83029
83031
83032
83037
83059
83069
83079
83087
83095
83098
83104
83111
83119
83123
83127
83134
83148
83156
83165
83176
83183
83184
83187
83192
83195
83200
83211
83214
83227
83228
83242
83243
83249
83250
83251
83263
83268
83271
83272
83277
83278
83279
83281
83301
83316
83318
83335
83341
83372
83388
83395
83405
83410
83414
83418
83420
83423
83427
83431
83433
83434
83443
83455
83456
83463
83466
83471
83482
83486
83487
83492
83504
83520
83521
83525
83530
83531
83532
83539
83540
83549
83552
83568
83569
83577
83585
83588
83592
83596
83598
83625
83626
83644
83646
83648
83659
83661
83664
83665
83666
83672
83697
83704
83707
83708
83710
83718
83739
83742
83746
83753
83757
83766
83773
83779
83781
83790
83793
83802
83807
83812
83813
83820
83825
83831
83840
83845
83862
83867
83872
83879
83886
83890
83919
83923
83929
83930
83937
83946
83954
83962
83973
83992
83994
83997
84013
84030
84035
84042
84051
84075
84077
84078
84091
84092
84099
84104
84106
84114
84126
84128
84133
84135
84137
84140
84146
84149
84165
84174
84178
84183
84190
84194
84202
84203
84207
84209
84226
84227
84229
84238
84246
84249
84258
84261
84265
84273
84276
84280
84297
84302
84303
84310
84315
84318
84321
84322
84326
84327
84345
84347
84349
84351
84365
84380
84387
84389
84392
84412
84413
84416
84430
84431
84437
84439
84445
84448
84450
84451
84466
84467
84476
84496
84498
84513
84525
84527
84545
84555
84557
84558
84566
84578
84582
84589
84592
84596
84600
84606
84609
84618
84625
84626
84643
84645
84674
84676
84684
84699
84701
84751
84752
84756
84757
84764
84771
84773
84778
84784
84787
84792
84804
84811
84819
84829
84831
84835
84842
84843
84844
84848
84849
84855
84865
84867
84875
84887
84891
84893
84895
84898
84900
84901
84912
84916
84918
84926
84931
84945
84952
84962
84980
84987
84988
85013
85035
85037
85038
85040
85041
85043
85049
85061
85070
85077
85084
85095
85104
85112
85118
85120
85121
85134
85139
85151
85152
85155
85157
85158
85170
85177
85188
85198
85202
85212
85217
85223
85251
85255
85258
85266
85272
85274
85277
85284
85298
85304
85306
85310
85332
85335
85342
85346
85347
85349
85352
85359
85361
85366
85370
85371
85385
85386
85388
85396
85402
85403
85412
85415
85418
85425
85428
85429
85441
85449
85455
85457
85459
85466
85471
85474
85480
85496
85498
85501
85506
85525
85531
85540
85543
85545
85563
85570
85571
85581
85583
85584
85592
85606
85607
85619
85623
85633
85635
85639
85659
85660
85674
85684
85698
85703
85708
85711
85727
85729
85732
85741
85742
85745
85752
85757
85759
85763
85787
85788
85793
85798
85800
85805
85808
85826
85841
85848
85850
85867
85870
85872
85886
85901
85910
85911
85922
85923
85938
85942
85952
85954
85961
86015
86030
86033
86049
86056
86062
86064
86065
86084
86095
86101
86103
86118
86123
86130
86156
86162
86164
86167
86169
86171
86173
86186
86189
86197
86199
86208
86240
86257
86259
86260
86262
86266
86280
86302
86312
86331
86339
86356
86363
86365
86384
86397
86415
86427
86428
86430
86434
86446
86475
86488
86506
86507
86516
86519
86520
86530
86533
86539
86543
86548
86549
86566
86568
86569
86587
86591
86597
86598
86604
86605
86610
86626
86628
86640
86644
86649
86659
86668
86672
86674
86675
86682
86686
86706
86713
86714
86720
86723
86725
86736
86739
86741
86742
86755
86760
86761
86775
86787
86790
86795
86796
86811
86817
86820
86839
86844
86845
86847
86856
86862
86885
86887
86901
86908
86913
86920
86923
86928
86930
86946
86950
86952
86958
86963
86967
86973
86981
86982
86994
87002
87003
87008
87012
87017
87021
87028
87036
87039
87051
87062
87076
87079
87086
87088
87093
87125
87139
87140
87143
87148
87162
87168
87173
87175
87176
87183
87192
87193
87199
87202
87207
87210
87211
87217
87219
87236
87237
87241
87244
87250
87257
87258
87267
87268
87276
87285
87291
87297
87313
87314
87315
87333
87334
87357
87359
87361
87365
87371
87374
87380
87391
87400
87418
87422
87427
87432
87437
87441
87442
87446
87454
87472
87478
87482
87487
87488
87490
87492
87501
87505
87506
87508
87509
87512
87524
87539
87553
87576
87578
87582
87605
87607
87608
87632
87639
87641
87648
87650
87658
87661
87677
87683
87686
87700
87703
87715
87730
87732
87734
87740
87743
87750
87751
87764
87765
87780
87793
87794
87806
87820
87825
87826
87840
87842
87849
87851
87858
87867
87868
87874
87876
87884
87887
87888
87896
87908
87914
87922
87924
87928
87938
87939
87943
87950
87953
87965
87968
87980
87989
87991
87993
88002
88010
88020
88022
88038
88042
88043
88048
88057
88061
88066
88081
88089
88090
88092
88097
88100
88105
88119
88120
88123
88126
88129
88133
88139
88146
88148
88149
88164
88181
88185
88195
88199
88200
88216
88234
88242
88251
88271
88278
88304
88306
88307
88308
88313
88318
88324
88327
88335
88343
88345
88348
88354
88363
88366
88375
88377
88383
88389
88394
88404
88424
88425
88427
88431
88440
88444
88453
88476
88483
88484
88497
88498
88504
88513
88521
88524
88526
88532
88533
88543
88545
88548
88557
88564
88567
88568
88573
88577
88579
88581
88583
88586
88587
88591
88594
88601
88602
88609
88625
88644
88647
88648
88650
88651
88652
88653
88661
88664
88666
88692
88693
88699
88702
88725
88726
88729
88730
88738
88743
88746
88751
88756
88771
88791
88793
88796
88804
88814
88823
88826
88838
88850
88857
88866
88871
88873
88874
88884
88889
88890
88892
88905
88909
88918
88942
88959
88961
88987
88995
89009
89024
89031
89043
89044
89045
89059
89063
89076
89080
89081
89088
89089
89099
89107
89113
89114
89115
89117
89130
89139
89146
89150
89163
89170
89189
89191
89195
89203
89205
89207
89209
89213
89220
89225
89242
89260
89273
89286
89288
89290
89295
89296
89313
89315
89317
89331
89337
89342
89356
89358
89366
89380
89389
89395
89397
89399
89415
89421
89423
89426
89427
89429
89431
89432
89436
89445
89458
89462
89464
89472
89477
89485
89491
89493
89496
89516
89520
89533
89546
89556
89560
89563
89565
89571
89574
89582
89584
89588
89590
89591
89611
89642
89644
89666
89667
89695
89704
89708
89714
89738
89746
89747
89769
89773
89778
89779
89782
89790
89793
89804
89806
89807
89817
89822
89833
89846
89848
89856
89859
89861
89877
89894
89901
89906
89910
89915
89924
89925
89933
89934
89945
89957
89973
89974
89979
89980
89981
89987
90001
90002
90004
90007
90021
90024
90033
90039
90043
90046
90059
90066
90070
90075
90084
90086
90088
90095
90098
90100
90104
90111
90132
90133
90137
90142
90145
90148
90155
90171
90176
90180
90189
90205
90206
90209
90217
90219
90232
90233
90236
90241
90250
90256
90279
90280
90282
90284
90288
90292
90305
90317
90329
90335
90340
90343
90345
90353
90362
90363
90370
90380
90388
90398
90411
90417
90423
90441
90447
90458
90460
90463
90468
90473
90482
90489
90498
90500
90501
90502
90504
90505
90508
90525
90532
90563
90564
90583
90594
90600
90609
90610
90612
90613
90614
90622
90624
90632
90660
90667
90673
90674
90676
90678
90687
90688
90690
90694
90699
90709
90715
90716
90721
90730
90732
90743
90745
90747
90750
90752
90762
90773
90774
90798
90805
90808
90810
90816
90825
90838
90848
90864
90869
90874
90882
90883
90889
90892
90905
90910
90917
90918
90919
90921
90922
90928
90938
90964
90969
90971
90973
90978
90984
90992
91000
91011
91012
91016
91021
91024
91036
91048
91059
91065
91066
91070
91074
91084
91090
91094
91096
91103
91108
91124
91125
91131
91144
91159
91177
91179
91182
91194
91201
91217
91218
91226
91232
91233
91237
91251
91254
91256
91264
91277
91280
91290
91291
91292
91293
91297
91310
91316
91328
91329
91332
91337
91341
91354
91356
91357
91363
91366
91373
91392
91395
91405
91412
91425
91436
91441
91452
91466
91474
91477
91494
91513
91522
91537
91549
91551
91555
91559
91569
91586
91594
91611
91613
91622
91628
91629
91651
91654
91659
91660
91667
91674
91688
91700
91703
91711
91712
91721
91722
91738
91743
91748
91749
91755
91758
91766
91767
91768
91774
91784
91787
91791
91796
91797
91805
91821
91828
91841
91844
91851
91859
91865
91868
91888
91890
91896
91902
91910
91924
91926
91939
91961
91965
91980
91981
91987
91993
91996
92005
92008
92009
92010
92020
92024
92027
92029
92031
92034
92039
92051
92052
92057
92058
92059
92064
92081
92089
92090
92092
92095
92098
92104
92110
92113
92117
92142
92146
92151
92153
92155
92156
92163
92170
92172
92173
92175
92179
92180
92181
92183
92200
92212
92219
92222
92227
92234
92242
92247
92254
92257
92274
92278
92280
92284
92285
92290
92292
92294
92306
92328
92338
92343
92355
92364
92367
92377
92396
92404
92422
92423
92436
92437
92439
92442
92448
92455
92457
92485
92486
92492
92495
92509
92511
92513
92514
92524
92535
92556
92557
92558
92568
92580
92594
92601
92613
92617
92618
92622
92625
92634
92647
92648
92650
92655
92659
92664
92665
92671
92680
92691
92695
92716
92724
92730
92731
92736
92741
92742
92761
92769
92776
92780
92794
92803
92804
92814
92821
92823
92832
92842
92844
92857
92860
92863
92864
92867
92873
92880
92888
92899
92908
92909
92910
92912
92928
92929
92938
92944
92947
92951
92953
92954
92965
92981
92982
92987
92995
92999
93012
93023
93024
93034
93043
93052
93066
93071
93072
93074
93078
93080
93082
93120
93127
93129
93132
93140
93151
93158
93165
93173
93191
93192
93200
93203
93220
93226
93239
93242
93244
93247
93248
93254
93265
93266
93272
93274
93277
93281
93282
93290
93310
93333
93335
93337
93338
93342
93343
93346
93349
93352
93353
93357
93363
93371
93386
93389
93397
93400
93411
93415
93429
93446
93449
93450
93468
93481
93485
93490
93525
93526
93536
93541
93542
93551
93552
93553
93555
93569
93575
93581
93589
93591
93595
93596
93606
93608
93614
93616
93620
93621
93623
93635
93636
93650
93651
93655
93663
93664
93673
93683
93684
93694
93708
93710
93725
93734
93746
93748
93764
93771
93783
93789
93804
93812
93829
93837
93858
93865
93886
93892
93905
93912
93923
93925
93931
93936
93940
93942
93960
93964
93972
93975
93995
94005
94013
94017
94019
94021
94026
94031
94034
94044
94046
94049
94061
94069
94081
94083
94091
94106
94108
94114
94128
94137
94143
94155
94156
94157
94188
94196
94207
94226
94229
94230
94236
94242
94246
94268
94271
94276
94297
94314
94316
94317
94336
94340
94355
94387
94398
94399
94408
94428
94431
94443
94476
94478
94480
94483
94488
94503
94507
94512
94515
94523
94524
94533
94536
94539
94542
94547
94550
94555
94561
94566
94581
94588
94596
94598
94610
94611
94639
94656
94680
94686
94709
94710
94729
94732
94738
94743
94752
94766
94785
94799
94803
94823
94825
94827
94837
94845
94846
94848
94852
94854
94855
94858
94874
94883
94886
94892
94904
94905
94955
94961
94963
94964
94971
94973
94990
94994
94996
95004
95009
95017
95019
95024
95037
95045
95050
95060
95061
95070
95076
95077
95086
95088
95102
95113
95114
95118
95120
95126
95131
95143
95144
95170
95171
95172
95180
95185
95190
95193
95196
95199
95218
95221
95228
95229
95231
95247
95257
95260
95261
95264
95265
95281
95282
95285
95289
95300
95309
95311
95316
95319
95321
95322
95326
95332
95336
95338
95347
95368
95374
95379
95390
95412
95418
95420
95422
95430
95440
95449
95458
95473
95481
95494
95495
95500
95506
95509
95510
95511
95513
95514
95515
95522
95525
95529
95533
95535
95536
95539
95540
95545
95567
95573
95585
95597
95607
95608
95618
95619
95626
95635
95644
95645
95648
95656
95657
95667
95670
95678
95690
95702
95703
95704
95725
95728
95732
95735
95738
95740
95742
95745
95746
95750
95766
95775
95785
95787
95799
95802
95806
95818
95823
95824
95835
95837
95841
95846
95852
95864
95865
95880
95883
95894
95895
95905
95907
95923
95942
95967
95972
95973
95976
95988
95992
96001
96005
96009
96027
96034
96040
96060
96073
96076
96078
96082
96083
96105
96113
96116
96121
96122
96128
96132
96133
96134
96137
96147
96150
96162
96166
96167
96168
96183
96184
96199
96208
96216
96223
96224
96234
96235
96241
96270
96286
96287
96304
96312
96315
96329
96333
96336
96339
96347
96373
96391
96397
96422
96436
96442
96448
96472
96478
96480
96488
96492
96525
96527
96537
96539
96544
96547
96549
96555
96558
96559
96565
96568
96578
96594
96600
96603
96607
96614
96620
96633
96646
96652
96654
96665
96667
96668
96670
96671
96676
96693
96695
96705
96711
96726
96741
96755
96757
96760
96763
96766
96769
96771
96790
96815
96822
96826
96827
96832
96847
96848
96852
96855
96862
96871
96878
96886
96892
96894
96897
96900
96910
96914
96930
96938
96940
96948
96951
96956
96957
96958
96967
96981
96985
96994
97005
97009
97027
97028
97035
97037
97038
97051
97078
97098
97100
97102
97133
97135
97139
97157
97159
97163
97164
97170
97181
97196
97202
97214
97219
97222
97223
97232
97237
97241
97247
97260
97264
97274
97284
97288
97289
97293
97296
97307
97316
97318
97322
97329
97342
97352
97364
97386
97408
97412
97413
97421
97435
97441
97445
97449
97457
97463
97472
97494
97507
97514
97521
97523
97543
97546
97553
97563
97565
97569
97587
97589
97591
97592
97601
97604
97626
97627
97629
97637
97639
97651
97656
97667
97671
97675
97676
97685
97700
97706
97718
97728
97733
97740
97743
97764
97766
97777
97779
97816
97825
97829
97841
97843
97848
97865
97876
97884
97891
97894
97907
97910
97912
97913
97915
97919
97923
97930
97937
97939
97948
97956
97967
97971
97986
97988
97992
97999
98008
98014
98020
98032
98052
98053
98058
98068
98080
98089
98091
98101
98103
98109
98113
98119
98121
98123
98127
98152
98159
98174
98189
98190
98191
98221
98232
98234
98235
98241
98254
98260
98263
98268
98273
98275
98276
98284
98287
98290
98297
98301
98312
98316
98332
98342
98355
98360
98361
98371
98372
98373
98376
98378
98390
98393
98399
98408
98413
98427
98435
98437
98451
98473
98477
98480
98486
98487
98488
98506
98507
98517
98537
98538
98542
98554
98593
98597
98601
98612
98628
98635
98660
98665
98668
98680
98689
98690
98700
98704
98707
98715
98725
98726
98728
98729
98739
98741
98754
98758
98762
98769
98770
98772
98779
98786
98797
98811
98813
98816
98817
98832
98835
98838
98844
98848
98859
98864
98867
98879
98885
98897
98898
98900
98901
98911
98912
98926
98929
98931
98933
98946
98956
98959
98960
98977
98986
98990
99013
99019
99021
99022
99026
99029
99040
99044
99056
99070
99074
99090
99095
99103
99112
99113
99119
99127
99128
99134
99138
99141
99142
99151
99160
99175
99177
99186
99195
99197
99215
99228
99229
99239
99240
99242
99244
99245
99256
99285
99295
99315
99317
99319
99348
99355
99359
99361
99371
99383
99387
99397
99413
99414
99431
99434
99437
99441
99442
99470
99478
99500
99504
99510
99518
99537
99559
99565
99571
99577
99579
99607
99608
99613
99626
99628
99632
99646
99654
99657
99660
99668
99679
99690
99693
99722
99725
99729
99730
99742
99743
99745
99749
99760
99761
99765
99772
99794
99798
99806
99812
99814
99821
99828
99838
99845
99852
99862
99866
99871
99888
99893
99899
99907
99912
99921
99923
99927
99936
99948
99959
99961
99962
99965
99967
99970
99979
99994
99995
99996
100003
100025
100032
100038
100040
100043
100046
100050
100056
100063
100068
100093
100097
100112
100122
100128
100129
100145
100151
100160
100167
100180
100181
100183
100191
100195
100196
100198
100200
100206
100216
100219
100220
100221
100223
100230
100241
100256
100257
100262
100265
100280
100297
100298
100312
100314
100316
100318
100321
100328
100333
100334
100335
100342
100343
100349
100375
100380
100384
100393
100404
100413
100415
100416
100423
100430
100447
100465
100497
100498
100507
100515
100516
100517
100520
100525
100534
100545
100570
100571
100578
100580
100589
100594
100597
100601
100616
100618
100625
100629
100637
100638
100641
100648
100664
100668
100670
100681
100687
100692
100693
100694
100705
100720
100724
100736
100737
100741
100742
100757
100759
100762
100773
100774
100775
100782
100792
100810
100820
100830
100838
100845
100848
100865
100875
100880
100889
100899
100909
100910
100918
100921
100924
100933
100938
100940
100947
100949
100962
100966
100967
100992
100993
101006
101018
101045
101051
101052
101054
101057
101072
101102
101109
101122
101132
101133
101144
101151
101157
101161
101162
101168
101171
101195
101202
101220
101221
101223
101227
101233
101238
101239
101244
101251
101262
101264
101268
101276
101280
101281
101284
101285
101286
101289
101301
101303
101305
101324
101325
101326
101328
101338
101345
101348
101367
101376
101377
101418
101419
101422
101440
101445
101446
101450
101453
101459
101462
101464
101469
101470
101475
101479
101483
101485
101486
101490
101493
101496
101501
101512
101520
101533
101539
101544
101548
101573
101583
101609
101613
101620
101622
101649
101655
101656
101665
101672
101676
101678
101679
101684
101688
101691
101709
101710
101713
101717
101724
101726
101728
101730
101736
101739
101751
101754
101755
101757
101771
101780
101782
101785
101789
101801
101802
101803
101808
101820
101822
101824
101825
101839
101845
101849
101859
101864
101868
101881
101899
101904
101915
101920
101927
101931
101940
101950
101954
101983
102002
102005
102010
102011
102029
102041
102043
102044
102048
102049
102051
102057
102078
102102
102109
102110
102120
102121
102126
102129
102147
102165
102168
102170
102171
102173
102178
102181
102187
102189
102220
102229
102238
102239
102281
102300
102302
102306
102311
102317
102323
102330
102339
102348
102366
102402
102417
102421
102426
102443
102451
102452
102490
102494
102507
102508
102514
102516
102523
102524
102531
102534
102536
102537
102543
102565
102573
102576
102589
102596
102602
102618
102626
102628
102649
102653
102658
102663
102669
102676
102689
102691
102692
102709
102710
102728
102735
102737
102745
102748
102755
102762
102772
102789
102799
102807
102810
102814
102815
102817
102818
102839
102864
102866
102870
102878
102882
102895
102898
102908
102920
102927
102928
102932
102934
102941
102945
102950
102954
102955
102963
102964
102974
102988
102995
102999
103002
103004
103028
103036
103038
103041
103046
103049
103064
103079
103100
103108
103129
103140
103142
103147
103149
103179
103183
103186
103192
103194
103198
103204
103216
103242
103243
103245
103262
103266
103272
103275
103278
103286
103296
103298
103302
103304
103306
103312
103315
103323
103352
103356
103360
103368
103389
103390
103396
103412
103420
103425
103429
103437
103442
103443
103449
103458
103461
103465
103481
103490
103544
103548
103561
103562
103564
103566
103567
103582
103593
103600
103608
103609
103610
103621
103633
103634
103660
103664
103671
103674
103676
103684
103693
103695
103699
103701
103709
103713
103731
103737
103744
103754
103755
103763
103777
103784
103790
103791
103805
103818
103819
103825
103828
103839
103841
103850
103854
103861
103879
103888
103905
103909
103911
103925
103934
103935
103946
103950
103955
103958
103965
103974
103979
103991
103992
103996
104005
104006
104008
104013
104020
104025
104043
104044
104055
104056
104059
104061
104062
104076
104095
104104
104116
104125
104132
104136
104146
104149
104158
104164
104169
104172
104173
104181
104183
104214
104225
104239
104257
104259
104261
104263
104273
104279
104280
104282
104283
104297
104298
104300
104302
104312
104328
104329
104333
104335
104341
104365
104367
104379
104388
104392
104394
104403
104412
104420
104426
104437
104442
104444
104446
104449
104488
104489
104491
104500
104510
104533
104538
104542
104543
104553
104556
104559
104570
104617
104618
104629
104634
104641
104655
104669
104672
104673
104676
104714
104716
104730
104738
104741
104751
104761
104763
104773
104782
104791
104799
104810
104821
104826
104833
104845
104864
104877
104881
104890
104899
104904
104913
104922
104924
104933
104942
104946
104947
104960
104965
104970
104992
105001
105006
105034
105042
105047
105055
105056
105059
105094
105101
105103
105113
105124
105141
105146
105156
105157
105159
105173
105176
105190
105191
105195
105209
105217
105222
105227
105234
105237
105240
105264
105272
105290
105309
105310
105343
105346
105357
105375
105379
105390
105402
105403
105412
105413
105423
105430
105451
105455
105458
105467
105471
105480
105482
105488
105493
105511
105512
105521
105526
105531
105539
105556
105597
105614
105616
105629
105630
105645
105663
105665
105669
105675
105684
105685
105686
105688
105690
105697
105698
105722
105723
105726
105731
105739
105751
105759
105764
105765
105768
105771
105777
105779
105799
105804
105816
105820
105823
105824
105841
105851
105859
105863
105869
105877
105879
105885
105887
105892
105896
105909
105913
105914
105915
105918
105919
105929
105933
105936
105940
105973
105994
105995
105997
106003
106017
106019
106026
106040
106044
106045
106046
106047
106062
106073
106077
106098
106106
106119
106127
106133
106150
106153
106156
106166
106178
106204
106215
106233
106266
106277
106285
106292
106297
106300
106306
106309
106319
106320
106332
106341
106354
106358
106372
106375
106399
106401
106424
106460
106462
106467
106471
106475
106481
106485
106498
106506
106514
106521
106522
106535
106539
106549
106550
106552
106557
106561
106562
106567
106574
106589
106603
106611
106643
106663
106666
106667
106708
106726
106730
106740
106747
106760
106761
106763
106773
106784
106787
106804
106806
106807
106813
106815
106817
106818
106826
106830
106833
106834
106840
106843
106849
106852
106861
106862
106877
106879
106891
106896
106898
106913
106915
106920
106929
106932
106939
106943
106946
106952
106959
106981
106983
106984
106985
106992
106994
106997
107000
107014
107018
107021
107026
107042
107049
107055
107066
107085
107095
107098
107102
107118
107122
107131
107139
107141
107142
107166
107174
107176
107178
107180
107194
107195
107201
107205
107226
107266
107268
107279
107283
107284
107285
107295
107301
107302
107306
107321
107328
107331
107341
107347
107348
107350
107351
107352
107355
107357
107382
107389
107394
107396
107398
107408
107427
107430
107448
107454
107462
107474
107475
107482
107485
107528
107545
107576
107580
107593
107596
107603
107606
107610
107614
107626
107635
107637
107638
107646
107649
107657
107670
107677
107692
107696
107697
107706
107707
107740
107742
107760
107768
107772
107783
107787
107791
107798
107808
107809
107816
107824
107825
107830
107839
107841
107854
107861
107876
107880
107890
107892
107894
107915
107923
107925
107936
107939
107958
107960
107965
107983
107993
107995
107998
108002
108011
108014
108026
108029
108033
108041
108048
108061
108062
108073
108074
108078
108106
108112
108115
108118
108124
108127
108133
108141
108148
108152
108162
108183
108184
108200
108202
108204
108210
108218
108225
108230
108244
108258
108277
108278
108280
108287
108289
108295
108306
108324
108325
108331
108333
108336
108346
108354
108355
108356
108384
108401
108440
108449
108453
108461
108462
108464
108470
108484
108491
108496
108499
108505
108522
108525
108526
108531
108533
108546
108559
108574
108578
108585
108600
108601
108611
108630
108634
108635
108642
108652
108667
108670
108671
108673
108680
108683
108686
108691
108696
108706
108712
108715
108734
108736
108752
108759
108761
108780
108782
108796
108813
108817
108827
108845
108847
108857
108862
108866
108868
108880
108889
108900
108903
108904
108914
108924
108937
108948
108949
108956
108958
108966
108974
108976
108978
108983
108989
108990
108997
108998
109006
109013
109016
109031
109037
109055
109056
109059
109060
109064
109077
109088
109090
109103
109105
109109
109111
109116
109119
109123
109129
109130
109131
109147
109166
109170
109172
109173
109175
109181
109182
109185
109200
109206
109211
109214
109217
109228
109232
109261
109268
109280
109286
109290
109294
109297
109304
109305
109306
109323
109326
109334
109335
109341
109342
109344
109346
109354
109366
109372
109378
109379
109400
109402
109403
109411
109424
109428
109440
109444
109464
109474
109478
109488
109492
109493
109494
109511
109519
109522
109531
109546
109561
109568
109571
109585
109586
109595
109607
109622
109641
109674
109685
109688
109695
109698
109699
109727
109740
109744
109751
109753
109758
109768
109777
109789
109794
109798
109804
109807
109816
109824
109827
109833
109838
109844
109851
109853
109863
109874
109875
109876
109889
109890
109897
109898
109900
109908
109916
109926
109937
109938
109940
109952
109975
109985
109996
109999
110009
110016
110017
110019
110030
110036
110047
110056
110067
110075
110082
110088
110109
110113
110124
110126
110145
110158
110166
110199
110202
110213
110217
110229
110259
110261
110270
110277
110279
110281
110298
110302
110314
110323
110328
110349
110361
110365
110367
110373
110376
110378
110383
110391
110394
110405
110407
110408
110416
110417
110420
110421
110422
110433
110448
110450
110452
110465
110492
110497
110501
110512
110522
110525
110526
110532
110540
110541
110550
110553
110559
110572
110574
110597
110607
110609
110612
110613
110621
110630
110643
110650
110655
110662
110669
110678
110680
110699
110704
110718
110725
110737
110756
110772
110792
110799
110800
110816
110819
110850
110855
110887
110888
110894
110896
110901
110912
110920
110934
110937
110964
110972
110973
110981
110983
110995
111005
111038
111045
111049
111053
111056
111077
111078
111094
111100
111106
111111
111116
111119
111120
111125
111132
111137
111153
111156
111167
111170
111176
111184
111185
111190
111195
111197
111198
111214
111246
111252
111268
111284
111287
111307
111316
111317
111333
111334
111337
111341
111349
111357
111366
111379
111380
111383
111400
111415
111423
111433
111447
111451
111453
111454
111463
111477
111478
111482
111490
111500
111510
111535
111536
111548
111552
111559
111569
111586
111603
111616
111619
111627
111635
111637
111652
111656
111659
111678
111685
111687
111695
111701
111704
111707
111730
111737
111738
111747
111756
111757
111762
111771
111778
111791
111802
111803
111808
111823
111856
111862
111870
111875
111880
111911
111913
111918
111919
111950
111962
111971
111981
111994
111995
111998
112003
112007
112016
112020
112025
112030
112037
112053
112055
112066
112073
112079
112094
112103
112108
112125
112126
112135
112139
112145
112146
112155
112166
112183
112188
112190
112191
112192
112193
112194
112208
112209
112212
112219
112220
112244
112245
112246
112266
112269
112274
112292
112316
112318
112331
112333
112339
112355
112359
112363
112372
112373
112376
112379
112383
112400
112410
112419
112422
112425
112434
112447
112448
112475
112482
112493
112509
112518
112535
112568
112570
112572
112578
112595
112597
112600
112603
112616
112617
112626
112632
112636
112661
112674
112678
112679
112683
112687
112692
112701
112702
112717
112737
112739
112745
112765
112802
112810
112835
112851
112867
112879
112893
112894
112900
112910
112915
112927
112938
112941
112952
112979
112982
112987
112988
113018
113063
113064
113069
113083
113085
113095
113107
113151
113157
113158
113160
113164
113168
113175
113186
113187
113196
113202
113203
113206
113244
113299
113304
113314
113321
113324
113333
113338
113356
113367
113377
113387
113390
113396
113409
113410
113412
113417
113422
113428
113436
113437
113443
113446
113464
113466
113479
113495
113498
113500
113510
113511
113517
113519
113520
113524
113529
113532
113558
113573
113576
113580
113585
113593
113599
113602
113605
113611
113621
113623
113649
113651
113688
113695
113696
113697
113720
113726
113744
113750
113752
113775
113776
113777
113778
113791
113797
113800
113817
113824
113838
113843
113844
113846
113848
113849
113862
113869
113872
113875
113878
113916
113918
113925
113933
113966
113986
113994
113998
114000
114003
114011
114024
114025
114028
114038
114039
114040
114053
114078
114079
114088
114096
114100
114117
114120
114121
114131
114140
114142
114163
114166
114171
114180
114182
114185
114187
114192
114195
114210
114218
114219
114236
114237
114242
114251
114261
114263
114267
114272
114278
114293
114307
114315
114318
114341
114343
114347
114350
114362
114363
114370
114376
114393
114400
114411
114420
114428
114448
114453
114455
114460
114466
114478
114482
114487
114497
114500
114512
114523
114525
114527
114528
114545
114546
114550
114559
114580
114595
114610
114613
114617
114629
114637
114657
114659
114664
114666
114686
114702
114710
114723
114729
114740
114741
114742
114758
114759
114761
114768
114771
114785
114805
114814
114817
114821
114830
114834
114839
114844
114851
114854
114859
114867
114872
114879
114892
114917
114919
114924
114925
114929
114931
114952
114958
114977
114986
114998
115013
115021
115029
115046
115052
115059
115070
115072
115073
115084
115087
115090
115100
115119
115161
115176
115199
115202
115219
115227
115230
115232
115241
115256
115257
115284
115297
115308
115312
115314
115321
115323
115325
115331
115335
115336
115337
115348
115350
115351
115357
115373
115377
115387
115394
115400
115403
115418
115420
115430
115435
115455
115479
115497
115501
115509
115524
115533
115534
115542
115561
115564
115575
115580
115586
115587
115588
115592
115600
115607
115620
115633
115636
115644
115685
115690
115726
115728
115733
115770
115777
115785
115786
115792
115794
115795
115799
115807
115810
115821
115828
115833
115834
115836
115839
115845
115850
115851
115854
115855
115857
115860
115895
115898
115902
115906
115907
115909
115910
115919
115926
115939
115958
115983
115990
115995
116008
116021
116026
116033
116034
116036
116041
116051
116053
116062
116069
116082
116103
116115
116117
116118
116127
116145
116149
116161
116164
116184
116193
116196
116197
116201
116203
116219
116223
116231
116242
116249
116259
116287
116288
116324
116327
116342
116343
116344
116348
116352
116354
116374
116397
116399
116407
116422
116439
116451
116464
116465
116511
116513
116520
116521
116528
116530
116535
116551
116572
116581
116588
116589
116595
116600
116609
116637
116638
116645
116658
116663
116667
116676
116677
116683
116696
116725
116734
116739
116750
116760
116785
116792
116815
116853
116863
116886
116895
116896
116900
116914
116927
116933
116934
116946
116958
116962
116968
117003
117014
117022
117038
117050
117063
117085
117089
117091
117098
117107
117130
117147
117149
117161
117175
117177
117184
117192
117195
117197
117199
117200
117201
117214
117218
117219
117222
117232
117253
117255
117256
117262
117273
117279
117284
117285
117294
117297
117298
117301
117305
117330
117341
117362
117363
117368
117373
117375
117388
117392
117398
117404
117408
117411
117420
117430
117440
117441
117463
117472
117478
117508
117529
117534
117536
117538
117540
117545
117552
117556
117560
117571
117579
117580
117583
117588
117592
117597
117608
117617
117621
117627
117639
117647
117651
117652
117657
117670
117686
117691
117692
117696
117697
117698
117706
117711
117717
117718
117724
117725
117739
117753
117755
117762
117768
117778
117795
117799
117824
117825
117826
117870
117873
117874
117877
117886
117898
117904
117907
117910
117957
117968
117982
117983
117988
117991
117994
117998
117999
118007
118013
118016
118017
118027
118029
118059
118064
118080
118094
118097
118098
118103
118105
118106
118109
118110
118111
118118
118121
118131
118145
118146
118149
118152
118162
118163
118170
118171
118177
118193
118194
118195
118211
118238
118243
118246
118247
118251
118255
118278
118290
118293
118294
118295
118301
118338
118340
118345
118349
118352
118355
118359
118363
118370
118431
118433
118443
118448
118449
118462
118477
118486
118492
118510
118512
118520
118535
118538
118543
118555
118589
118593
118606
118617
118619
118628
118647
118668
118670
118672
118700
118704
118706
118727
118747
118753
118754
118762
118764
118767
118770
118775
118791
118802
118805
118808
118812
118815
118825
118835
118839
118848
118880
118891
118899
118903
118912
118931
118936
118938
118942
118948
118949
118960
118967
118969
118977
118984
118988
118993
118994
119005
119020
119041
119052
119063
119076
119085
119099
119107
119123
119131
119150
119162
119174
119175
119182
119192
119196
119200
119212
119215
119220
119235
119236
119248
119252
119286
119287
119291
119294
119307
119327
119343
119348
119365
119381
119383
119386
119394
119413
119421
119430
119451
119454
119456
119474
119481
119485
119492
119496
119512
119515
119530
119551
119559
119568
119573
119578
119580
119593
119617
119630
119645
119651
119654
119656
119666
119683
119685
119703
119721
119748
119749
119751
119787
119788
119791
119800
119801
119811
119829
119830
119840
119843
119863
119868
119883
119887
119888
119889
119896
119909
119910
119920
119937
119945
119946
119982
119984
119990
120000
120004
120012
120013
120017
120019
120025
120062
120075
120079
120096
120105
120121
120125
120150
120155
120165
120196
120206
120222
120225
120236
120238
120251
120255
120256
120265
120270
120271
120275
120292
120303
120306
120307
120311
120339
120345
120346
120357
120365
120366
120367
120387
120393
120413
120448
120474
120494
120511
120524
120526
120578
120600
120619
120629
120637
120640
120644
120646
120649
120655
120658
120661
120673
120675
120682
120697
120750
120759
120761
120764
120771
120780
120784
120822
120823
120841
120842
120847
120850
120851
120857
120863
120864
120881
120884
120909
120913
120917
120950
120969
120973
120974
120977
120984
120985
121011
121019
121020
121023
121028
121084
121085
121096
121099
121100
121110
121127
121132
121139
121143
121144
121169
121170
121171
121175
121182
121187
121192
121201
121209
121211
121216
121233
121242
121245
121250
121252
121270
121278
121299
121310
121312
121317
121324
121325
121329
121343
121347
121352
121365
121383
121406
121422
121434
121435
121444
121446
121447
121461
121462
121474
121482
121483
121506
121507
121519
121527
121535
121538
121542
121553
121557
121566
121567
121585
121595
121596
121609
121613
121625
121635
121636
121638
121646
121679
121693
121704
121711
121714
121721
121725
121729
121730
121738
121741
121742
121758
121771
121809
121841
121857
121869
121870
121873
121909
121911
121958
121971
121975
121985
121987
121990
121991
121996
122006
122010
122016
122024
122025
122029
122034
122055
122065
122067
122068
122095
122096
122118
122125
122126
122129
122134
122143
122170
122172
122175
122178
122189
122196
122197
122204
122208
122216
122219
122229
122231
122234
122244
122252
122261
122262
122265
122269
122311
122312
122318
122326
122328
122330
122332
122370
122375
122394
122398
122399
122406
122410
122415
122429
122436
122437
122440
122451
122460
122479
122495
122496
122518
122535
122553
122557
122566
122573
122576
122592
122605
122617
122623
122629
122647
122652
122656
122660
122669
122672
122678
122689
122690
122700
122706
122708
122724
122742
122750
122762
122766
122770
122773
122780
122782
122796
122797
122810
122813
122821
122825
122828
122847
122851
122866
122869
122874
122879
122881
122882
122887
122891
122900
122901
122920
122931
122956
122973
122984
122986
122989
123000
123017
123022
123033
123035
123037
123040
123068
123070
123085
123086
123107
123114
123116
123127
123144
123148
123153
123159
123165
123202
123206
123210
123213
123216
123228
123237
123246
123258
123261
123263
123267
123270
123283
123320
123335
123340
123352
123353
123355
123389
123390
123399
123404
123425
123426
123429
123437
123443
123454
123455
123457
123461
123473
123486
123492
123506
123517
123522
123533
123538
123561
123572
123573
123585
123586
123596
123618
123626
123627
123636
123643
123653
123664
123666
123671
123679
123690
123692
123704
123706
123716
123734
123753
123773
123776
123785
123786
123814
123815
123820
123823
123829
123839
123849
123853
123872
123876
123894
123902
123909
123919
123922
123923
123931
123951
123954
123980
123993
123997
124002
124008
124012
124029
124032
124035
124037
124043
124048
124060
124066
124069
124073
124082
124085
124087
124095
124100
124105
124106
124108
124111
124126
124131
124141
124148
124177
124195
124215
124216
124218
124223
124226
124239
124240
124252
124259
124269
124274
124275
124283
124292
124305
124306
124315
124325
124330
124333
124346
124356
124371
124374
124378
124394
124401
124406
124407
124413
124422
124432
124439
124440
124455
124463
124472
124477
124488
124499
124502
124503
124510
124514
124520
124526
124527
124538
124549
124552
124564
124580
124593
124598
124599
124602
124603
124604
124608
124622
124632
124634
124648
124652
124653
124659
124664
124665
124676
124681
124682
124688
124690
124691
124697
124703
124714
124715
124750
124779
124789
124795
124808
124809
124812
124813
124821
124832
124836
124845
124849
124866
124883
124896
124899
124919
124925
124932
124940
124944
124950
124963
124965
124975
124983
124986
124997
125010
125011
125019
125026
125033
125044
125055
125060
125073
125074
125079
125086
125087
125093
125103
125113
125121
125123
125133
125134
125138
125143
125156
125157
125169
125175
125183
125185
125189
125191
125196
125201
125211
125234
125235
125242
125246
125250
125253
125265
125268
125278
125282
125296
125300
125310
125326
125328
125329
125346
125350
125351
125353
125360
125364
125368
125393
125395
125397
125402
125404
125407
125415
125422
125427
125446
125453
125460
125470
125474
125477
125482
125485
125487
125516
125527
125531
125540
125560
125561
125564
125567
125569
125571
125573
125576
125577
125579
125582
125587
125590
125610
125620
125636
125637
125644
125646
125647
125669
125671
125673
125683
125684
125694
125697
125702
125715
125721
125738
125747
125756
125762
125767
125773
125779
125788
125793
125801
125818
125819
125830
125844
125859
125863
125872
125875
125878
125896
125900
125902
125937
125947
125961
125962
125979
125989
126002
126018
126038
126042
126055
126056
126057
126067
126082
126096
126129
126130
126155
126158
126174
126187
126189
126198
126205
126209
126223
126227
126239
126248
126254
126309
126317
126321
126326
126327
126328
126344
126345
126347
126348
126356
126369
126385
126392
126395
126399
126404
126422
126425
126428
126431
126432
126451
126453
126456
126467
126480
126484
126488
126495
126498
126502
126506
126524
126539
126542
126552
126556
126557
126582
126585
126586
126597
126602
126604
126623
126624
126644
126646
126647
126649
126663
126667
126668
126669
126674
126686
126699
126704
126707
126708
126709
126715
126719
126724
126753
126757
126760
126795
126804
126816
126826
126861
126872
126880
126883
126898
126902
126905
126915
126918
126939
126944
126950
126952
126964
126972
126973
126975
126988
126993
126998
127005
127009
127027
127036
127079
127101
127113
127119
127151
127152
127158
127172
127215
127216
127238
127239
127241
127248
127251
127259
127265
127268
127282
127290
127309
127335
127340
127345
127372
127378
127388
127392
127398
127411
127427
127435
127449
127456
127472
127475
127476
127485
127490
127501
127508
127516
127517
127520
127526
127529
127540
127554
127558
127570
127578
127591
127596
127606
127613
127619
127622
127644
127647
127650
127656
127659
127664
127665
127668
127681
127689
127700
127715
127735
127736
127751
127788
127795
127804
127808
127824
127826
127845
127856
127869
127884
127903
127910
127928
127931
127932
127937
127952
127986
127994
127999
128005
128012
128015
128023
128050
128068
128073
128103
128107
128113
128118
128125
128138
128139
128140
128141
128146
128147
128148
128150
128151
128159
128161
128164
128168
128176
128177
128195
128202
128208
128212
128222
128266
128268
128269
128274
128275
128294
128295
128297
128304
128309
128316
128321
128325
128342
128351
128352
128366
128379
128386
128394
128402
128405
128416
128418
128439
128444
128470
128472
128480
128484
128489
128496
128499
128505
128509
128512
128522
128525
128538
128543
128571
128572
128600
128602
128618
128627
128628
128634
128639
128640
128642
128651
128664
128665
128678
128680
128686
128687
128694
128702
128715
128716
128718
128724
128726
128738
128742
128743
128745
128748
128751
128756
128762
128774
128776
128782
128790
128791
128795
128813
128816
128823
128838
128852
128857
128876
128892
128898
128908
128912
128915
128924
128937
128938
128956
128957
128965
128992
129012
129038
129040
129041
129046
129053
129055
129077
129081
129087
129108
129109
129132
129141
129149
129153
129154
129165
129170
129173
129188
129201
129205
129207
129228
129252
129262
129263
129264
129269
129270
129275
129276
129278
129291
129295
129300
129313
129331
129335
129339
129341
129343
129348
129354
129403
129406
129435
129442
129445
129450
129454
129457
129469
129471
129485
129493
129511
129521
129524
129533
129543
129557
129567
129571
129583
129584
129601
129640
129665
129680
129687
129710
129711
129723
129724
129734
129740
129742
129753
129761
129781
129782
129784
129787
129789
129832
129846
129851
129854
129856
129861
129866
129867
129872
129880
129883
129901
129905
129916
129920
129926
129930
129935
129946
129952
129956
129961
129969
129987
129990
130003
130006
130007
130010
130032
130036
130049
130053
130055
130060
130092
130097
130098
130110
130115
130119
130120
130124
130143
130154
130173
130179
130181
130196
130200
130211
130214
130220
130226
130247
130251
130258
130260
130267
130282
130291
130318
130339
130360
130370
130376
130387
130397
130404
130426
130427
130446
130450
130471
130489
130530
130533
130535
130538
130540
130552
130582
130586
130596
130617
130618
130620
130624
130625
130648
130673
130689
130700
130714
130721
130729
130750
130755
130774
130781
130782
130792
130802
130807
130809
130816
130820
130824
130826
130838
130864
130865
130868
130877
130882
130883
130892
130895
130898
130899
130901
130905
130907
130922
130927
130956
130972
130977
130983
130989
131000
131002
131015
131029
131036
131046
131056
